"ID","Category","DispelType","Mechanic","Attributes","AttributesEx","AttributesExB","AttributesExC","AttributesExD","AttributesExE","AttributesExF","AttributesExG","Stances","unk_320_2","StancesNot","unk_320_3","Targets","TargetCreatureType","RequiresSpellFocus","FacingCasterFlags","CasterAuraState","TargetAuraState","ExcludeCasterAuraState","ExcludeTargetAuraState","CasterAuraSpell","TargetAuraSpell","ExcludeCasterAuraSpell","ExcludeTargetAuraSpell","CastingTimeIndex","RecoveryTime","CategoryRecoveryTime","InterruptFlags","AuraInterruptFlags","ChannelInterruptFlags","ProcTypeMask","ProcChance","ProcCharges","MaxLevel","BaseLevel","SpellLevel","DurationIndex","PowerType","ManaCost","ManaCostPerLevel","ManaPerSecond","ManaPerSecondPerLevel","RangeIndex","Speed","ModalNextSpell","CumulativeAura","Totem_1","Totem_2","Reagent_1","Reagent_2","Reagent_3","Reagent_4","Reagent_5","Reagent_6","Reagent_7","Reagent_8","ReagentCount_1","ReagentCount_2","ReagentCount_3","ReagentCount_4","ReagentCount_5","ReagentCount_6","ReagentCount_7","ReagentCount_8","EquippedItemClass","EquippedItemSubclass","EquippedItemInvTypes","Effect_1","Effect_2","Effect_3","EffectDieSides_1","EffectDieSides_2","EffectDieSides_3","EffectRealPointsPerLevel_1","EffectRealPointsPerLevel_2","EffectRealPointsPerLevel_3","EffectBasePoints_1","EffectBasePoints_2","EffectBasePoints_3","EffectMechanic_1","EffectMechanic_2","EffectMechanic_3","ImplicitTargetA_1","ImplicitTargetA_2","ImplicitTargetA_3","ImplicitTargetB_1","ImplicitTargetB_2","ImplicitTargetB_3","EffectRadiusIndex_1","EffectRadiusIndex_2","EffectRadiusIndex_3","EffectAura_1","EffectAura_2","EffectAura_3","EffectAuraPeriod_1","EffectAuraPeriod_2","EffectAuraPeriod_3","EffectMultipleValue_1","EffectMultipleValue_2","EffectMultipleValue_3","EffectChainTargets_1","EffectChainTargets_2","EffectChainTargets_3","EffectItemType_1","EffectItemType_2","EffectItemType_3","EffectMiscValue_1","EffectMiscValue_2","EffectMiscValue_3","EffectMiscValueB_1","EffectMiscValueB_2","EffectMiscValueB_3","EffectTriggerSpell_1","EffectTriggerSpell_2","EffectTriggerSpell_3","EffectPointsPerCombo_1","EffectPointsPerCombo_2","EffectPointsPerCombo_3","EffectSpellClassMaskA_1","EffectSpellClassMaskA_2","EffectSpellClassMaskA_3","EffectSpellClassMaskB_1","EffectSpellClassMaskB_2","EffectSpellClassMaskB_3","EffectSpellClassMaskC_1","EffectSpellClassMaskC_2","EffectSpellClassMaskC_3","SpellVisualID_1","SpellVisualID_2","SpellIconID","ActiveIconID","SpellPriority","Name_Lang_enUS","Name_Lang_koKR","Name_Lang_frFR","Name_Lang_deDE","Name_Lang_zhCN","Name_Lang_zhTW","Name_Lang_esES","Name_Lang_esMX","Name_Lang_ruRU","Name_Lang_Unk","Name_Lang_ptBR","Name_Lang_itIT","Name_Lang_Unk2","Name_Lang_Unk3","Name_Lang_Unk4","Name_Lang_Unk5","Name_Lang_Mask","NameSubtext_Lang_enUS","NameSubtext_Lang_koKR","NameSubtext_Lang_frFR","NameSubtext_Lang_deDE","NameSubtext_Lang_zhCN","NameSubtext_Lang_zhTW","NameSubtext_Lang_esES","NameSubtext_Lang_esMX","NameSubtext_Lang_ruRU","NameSubtext_Lang_Unk","NameSubtext_Lang_ptBR","NameSubtext_Lang_itIT","NameSubtext_Lang_Unk2","NameSubtext_Lang_Unk3","NameSubtext_Lang_Unk4","NameSubtext_Lang_Unk5","NameSubtext_Lang_Mask","Description_Lang_enUS","Description_Lang_koKR","Description_Lang_frFR","Description_Lang_deDE","Description_Lang_zhCN","Description_Lang_zhTW","Description_Lang_esES","Description_Lang_esMX","Description_Lang_ruRU","Description_Lang_Unk","Description_Lang_ptBR","Description_Lang_itIT","Description_Lang_Unk2","Description_Lang_Unk3","Description_Lang_Unk4","Description_Lang_Unk5","Description_Lang_Mask","AuraDescription_Lang_enUS","AuraDescription_Lang_koKR","AuraDescription_Lang_frFR","AuraDescription_Lang_deDE","AuraDescription_Lang_zhCN","AuraDescription_Lang_zhTW","AuraDescription_Lang_esES","AuraDescription_Lang_esMX","AuraDescription_Lang_ruRU","AuraDescription_Lang_Unk","AuraDescription_Lang_ptBR","AuraDescription_Lang_itIT","AuraDescription_Lang_Unk2","AuraDescription_Lang_Unk3","AuraDescription_Lang_Unk4","AuraDescription_Lang_Unk5","AuraDescription_Lang_Mask","ManaCostPct","StartRecoveryCategory","StartRecoveryTime","MaxTargetLevel","SpellClassSet","SpellClassMask_1","SpellClassMask_2","SpellClassMask_3","MaxTargets","DefenseType","PreventionType","StanceBarOrder","EffectChainAmplitude_1","EffectChainAmplitude_2","EffectChainAmplitude_3","MinFactionID","MinReputation","RequiredAuraVision","RequiredTotemCategoryID_1","RequiredTotemCategoryID_2","RequiredAreasID","SchoolMask","RuneCostID","SpellMissileID","PowerDisplayID","Field227","Field228","Field229","SpellDescriptionVariableID","SpellDifficultyID"
"6057","0","0","0","262352","0","0","0","0","0","0","0","0","0","0","0","0","0","0","0","0","0","0","0","0","0","0","0","1","0","0","0","0","0","0","101","0","0","0","0","21","0","0","0","0","0","1","0","0","0","0","0","0","0","0","0","0","0","0","0","0","0","0","0","0","0","0","0","2","524288","0","6","0","0","1","0","0","0","0","0","12","0","0","0","0","0","1","0","0","0","0","0","0","0","0","79","0","0","0","0","0","0","0","0","0","0","0","0","0","0","126","0","0","0","0","0","0","0","0","0","0","0","0","0","0","0","0","0","0","0","0","0","0","294","0","0","Wand Specialization","","","","","","","","","","","","","","","","16712190","Rank 1","","","","","","","","","","","","","","","","16712190","Increases your damage with Wands by $s1%.","","","","","","","","","","","","","","","","16712190","","","","","","","","","","","","","","","","","16712188","0","0","0","0","0","0","0","0","0","0","0","0","1","1","1","0","0","0","0","0","0","1","0","0","0","0","0","0","0","0"
"6085","0","0","0","262352","0","0","0","0","0","0","0","0","0","0","0","0","0","0","0","0","0","0","0","0","0","0","0","1","0","0","0","0","0","0","101","0","0","0","0","21","0","0","0","0","0","1","0","0","0","0","0","0","0","0","0","0","0","0","0","0","0","0","0","0","0","0","0","2","524288","0","6","0","0","1","0","0","0","0","0","24","0","0","0","0","0","1","0","0","0","0","0","0","0","0","79","0","0","0","0","0","0","0","0","0","0","0","0","0","0","126","0","0","0","0","0","0","0","0","0","0","0","0","0","0","0","0","0","0","0","0","0","0","294","0","0","Wand Specialization","","","","","","","","","","","","","","","","16712190","Rank 2","","","","","","","","","","","","","","","","16712190","Increases your damage with Wands by $s1%.","","","","","","","","","","","","","","","","16712190","","","","","","","","","","","","","","","","","16712188","0","0","0","0","0","0","0","0","0","0","0","0","1","1","1","0","0","0","0","0","0","1","0","0","0","0","0","0","0","0"
"11108","0","0","0","262352","0","0","0","0","0","0","0","0","0","0","0","0","0","0","0","0","0","0","0","0","0","0","0","1","0","0","0","0","0","0","101","0","0","0","1","21","0","0","0","0","0","1","0","0","0","0","0","0","0","0","0","0","0","0","0","0","0","0","0","0","0","0","0","-1","-1","0","6","0","0","1","0","0","0","0","0","4","0","0","0","0","0","1","0","0","0","0","0","0","0","0","107","0","0","0","0","0","0","0","0","0","0","0","0","0","0","7","0","0","0","0","0","0","0","0","0","0","0","4","0","0","0","0","0","0","0","0","0","0","37","0","50","Improved Flamestrike","","","","","","","","","","","","","","","","16712190","Rank 1","","","","","","","","","","","","","","","","16712190","Increases the critical strike chance of your Flamestrike spell by $s1%.","","","","","","","","","","","","","","","","16712190","","","","","","","","","","","","","","","","","16712188","0","0","0","0","3","0","0","0","0","0","0","0","1","1","1","0","0","0","0","0","0","1","0","0","0","0","0","0","0","0"
"12349","0","0","0","262352","0","0","0","0","0","0","0","0","0","0","0","0","0","0","0","0","0","0","0","0","0","0","0","1","0","0","0","0","0","0","101","0","0","0","1","21","0","0","0","0","0","1","0","0","0","0","0","0","0","0","0","0","0","0","0","0","0","0","0","0","0","0","0","-1","-1","0","6","0","0","1","0","0","0","0","0","9","0","0","0","0","0","1","0","0","0","0","0","0","0","0","107","0","0","0","0","0","0","0","0","0","0","0","0","0","0","7","0","0","0","0","0","0","0","0","0","0","0","4","0","0","0","0","0","0","0","0","0","0","37","0","50","Improved Flamestrike","","","","","","","","","","","","","","","","16712190","Rank 2","","","","","","","","","","","","","","","","16712190","Increases the critical strike chance of your Flamestrike spell by $s1%.","","","","","","","","","","","","","","","","16712190","","","","","","","","","","","","","","","","","16712188","0","0","0","0","3","0","0","0","0","0","0","0","1","1","1","0","0","0","0","0","0","1","0","0","0","0","0","0","0","0"
"12350","0","0","0","262352","0","0","0","0","0","0","0","0","0","0","0","0","0","0","0","0","0","0","0","0","0","0","0","1","0","0","0","0","0","0","101","0","0","0","1","21","0","0","0","0","0","1","0","0","0","0","0","0","0","0","0","0","0","0","0","0","0","0","0","0","0","0","0","-1","-1","0","6","0","0","1","0","0","0","0","0","14","0","0","0","0","0","1","0","0","0","0","0","0","0","0","107","0","0","0","0","0","0","0","0","0","0","0","0","0","0","7","0","0","0","0","0","0","0","0","0","0","0","4","0","0","0","0","0","0","0","0","0","0","37","0","50","Improved Flamestrike","","","","","","","","","","","","","","","","16712190","Rank 3","","","","","","","","","","","","","","","","16712190","Increases the critical strike chance of your Flamestrike spell by $s1%.","","","","","","","","","","","","","","","","16712190","","","","","","","","","","","","","","","","","16712188","0","0","0","0","3","0","0","0","0","0","0","0","1","1","1","0","0","0","0","0","0","1","0","0","0","0","0","0","0","0"
"11165","0","0","0","464","0","0","0","0","0","0","0","0","0","0","0","0","0","0","0","0","0","0","0","0","0","0","0","1","0","0","0","0","0","0","101","0","0","0","1","21","0","0","0","0","0","1","0","0","0","0","0","0","0","0","0","0","0","0","0","0","0","0","0","0","0","0","0","-1","-1","0","6","0","0","1","0","0","0","0","0","-2001","0","0","0","0","0","1","0","0","0","0","0","0","0","0","107","0","0","0","0","0","0","0","0","0","0","0","0","0","0","11","0","0","0","0","0","0","0","0","0","0","0","64","0","0","0","0","0","0","0","0","0","0","56","0","50","Improved Frost Nova","","","","","","","","","","","","","","","","16712190","Rank 1","","","","","","","","","","","","","","","","16712190","Reduces the cooldown of your Frost Nova spell by $/1000;s1 sec.","","","","","","","","","","","","","","","","16712190","","","","","","","","","","","","","","","","","16712188","0","0","0","0","3","0","0","0","0","0","0","0","1","1","1","0","0","0","0","0","0","1","0","0","0","0","0","0","0","0"
"12475","0","0","0","464","0","0","0","0","0","0","0","0","0","0","0","0","0","0","0","0","0","0","0","0","0","0","0","1","0","0","0","0","0","0","101","0","0","0","1","21","0","0","0","0","0","1","0","0","0","0","0","0","0","0","0","0","0","0","0","0","0","0","0","0","0","0","0","-1","-1","0","6","0","0","1","0","0","0","0","0","-4001","0","0","0","0","0","1","0","0","0","0","0","0","0","0","107","0","0","0","0","0","0","0","0","0","0","0","0","0","0","11","0","0","0","0","0","0","0","0","0","0","0","64","0","0","0","0","0","0","0","0","0","0","56","0","50","Improved Frost Nova","","","","","","","","","","","","","","","","16712190","Rank 2","","","","","","","","","","","","","","","","16712190","Reduces the cooldown of your Frost Nova spell by $/1000;s1 sec.","","","","","","","","","","","","","","","","16712190","","","","","","","","","","","","","","","","","16712188","0","0","0","0","3","0","0","0","0","0","0","0","1","1","1","0","0","0","0","0","0","1","0","0","0","0","0","0","0","0"
"12165","0","0","0","464","0","0","0","0","0","0","0","0","0","0","0","0","0","0","0","0","0","0","0","0","0","0","0","1","0","0","0","0","0","0","101","0","0","0","1","21","0","0","0","0","0","1","0","0","0","0","0","0","0","0","0","0","0","0","0","0","0","0","0","0","0","0","0","2","131136","0","6","0","0","1","0","0","0","0","0","0","0","0","0","0","0","1","0","0","0","0","0","0","0","0","52","0","0","0","0","0","0","0","0","0","0","0","0","0","0","0","0","0","0","0","0","0","0","0","0","0","0","0","0","0","0","0","0","0","0","0","0","0","1459","0","50","Polearm Specialization","","","","","","","","","","","","","","","","16712190","Rank 1","","","","","","","","","","","","","","","","16712190","Increases your chance to get a critical strike with Polearms by $s1%.","","","","","","","","","","","","","","","","16712190","","","","","","","","","","","","","","","","","16712188","0","0","0","0","0","0","0","0","0","0","0","0","1","1","1","0","0","0","0","0","0","1","0","0","0","0","0","0","0","0"
"12830","0","0","0","464","0","0","0","0","0","0","0","0","0","0","0","0","0","0","0","0","0","0","0","0","0","0","0","1","0","0","0","0","0","0","101","0","0","0","1","21","0","0","0","0","0","1","0","0","0","0","0","0","0","0","0","0","0","0","0","0","0","0","0","0","0","0","0","2","131136","0","6","0","0","1","0","0","0","0","0","1","0","0","0","0","0","1","0","0","0","0","0","0","0","0","52","0","0","0","0","0","0","0","0","0","0","0","0","0","0","0","0","0","0","0","0","0","0","0","0","0","0","0","0","0","0","0","0","0","0","0","0","0","1459","0","50","Polearm Specialization","","","","","","","","","","","","","","","","16712190","Rank 2","","","","","","","","","","","","","","","","16712190","Increases your chance to get a critical strike with Polearms by $s1%.","","","","","","","","","","","","","","","","16712190","","","","","","","","","","","","","","","","","16712188","0","0","0","0","0","0","0","0","0","0","0","0","1","1","1","0","0","0","0","0","0","1","0","0","0","0","0","0","0","0"
"12831","0","0","0","464","0","0","0","0","0","0","0","0","0","0","0","0","0","0","0","0","0","0","0","0","0","0","0","1","0","0","0","0","0","0","101","0","0","0","1","21","0","0","0","0","0","1","0","0","0","0","0","0","0","0","0","0","0","0","0","0","0","0","0","0","0","0","0","2","131136","0","6","0","0","1","0","0","0","0","0","2","0","0","0","0","0","1","0","0","0","0","0","0","0","0","52","0","0","0","0","0","0","0","0","0","0","0","0","0","0","0","0","0","0","0","0","0","0","0","0","0","0","0","0","0","0","0","0","0","0","0","0","0","1459","0","50","Polearm Specialization","","","","","","","","","","","","","","","","16712190","Rank 3","","","","","","","","","","","","","","","","16712190","Increases your chance to get a critical strike with Polearms by $s1%.","","","","","","","","","","","","","","","","16712190","","","","","","","","","","","","","","","","","16712188","0","0","0","0","0","0","0","0","0","0","0","0","1","1","1","0","0","0","0","0","0","1","0","0","0","0","0","0","0","0"
"12832","0","0","0","464","0","0","0","0","0","0","0","0","0","0","0","0","0","0","0","0","0","0","0","0","0","0","0","1","0","0","0","0","0","0","101","0","0","0","1","21","0","0","0","0","0","1","0","0","0","0","0","0","0","0","0","0","0","0","0","0","0","0","0","0","0","0","0","2","131136","0","6","0","0","1","0","0","0","0","0","3","0","0","0","0","0","1","0","0","0","0","0","0","0","0","52","0","0","0","0","0","0","0","0","0","0","0","0","0","0","0","0","0","0","0","0","0","0","0","0","0","0","0","0","0","0","0","0","0","0","0","0","0","1459","0","50","Polearm Specialization","","","","","","","","","","","","","","","","16712190","Rank 4","","","","","","","","","","","","","","","","16712190","Increases your chance to get a critical strike with Polearms by $s1%.","","","","","","","","","","","","","","","","16712190","","","","","","","","","","","","","","","","","16712188","0","0","0","0","0","0","0","0","0","0","0","0","1","1","1","0","0","0","0","0","0","1","0","0","0","0","0","0","0","0"
"12833","0","0","0","464","0","0","0","0","0","0","0","0","0","0","0","0","0","0","0","0","0","0","0","0","0","0","0","1","0","0","0","0","0","0","101","0","0","0","1","21","0","0","0","0","0","1","0","0","0","0","0","0","0","0","0","0","0","0","0","0","0","0","0","0","0","0","0","2","131136","0","6","0","0","1","0","0","0","0","0","4","0","0","0","0","0","1","0","0","0","0","0","0","0","0","52","0","0","0","0","0","0","0","0","0","0","0","0","0","0","0","0","0","0","0","0","0","0","0","0","0","0","0","0","0","0","0","0","0","0","0","0","0","1459","0","50","Polearm Specialization","","","","","","","","","","","","","","","","16712190","Rank 5","","","","","","","","","","","","","","","","16712190","Increases your chance to get a critical strike with Polearms by $s1%.","","","","","","","","","","","","","","","","16712190","","","","","","","","","","","","","","","","","16712188","0","0","0","0","0","0","0","0","0","0","0","0","1","1","1","0","0","0","0","0","0","1","0","0","0","0","0","0","0","0"
"12292","0","0","0","262160","0","0","0","0","0","0","0","65536","0","0","0","0","0","0","0","0","0","0","0","0","0","0","0","1","30000","0","0","0","0","20","100","5","0","0","1","18","1","300","0","0","0","1","0","0","0","0","0","0","0","0","0","0","0","0","0","0","0","0","0","0","0","0","0","-1","0","0","6","0","0","0","0","0","0","0","0","0","0","0","0","0","0","1","0","0","0","0","0","0","0","0","4","0","0","0","0","0","0","0","0","0","0","0","0","0","0","0","0","0","0","0","0","0","0","0","0","0","0","0","0","0","0","0","0","0","0","0","211","0","515","0","50","Sweeping Strikes","","","","","","","","","","","","","","","","16712190","","","","","","","","","","","","","","","","","16712188","Your next $n melee attacks strike an additional nearby opponent.","","","","","","","","","","","","","","","","16712190","Your next $n melee attacks strike an additional nearby opponent.","","","","","","","","","","","","","","","","16712190","0","0","0","0","0","0","0","0","0","0","0","0","1","1","1","0","0","0","0","0","0","1","0","0","0","0","0","0","0","0"
"12945","0","0","0","262352","0","0","0","0","0","0","0","0","0","0","0","0","0","0","0","0","0","0","0","0","0","0","0","1","0","0","0","0","0","0","101","0","0","0","1","21","0","0","0","0","0","1","0","0","0","0","0","0","0","0","0","0","0","0","0","0","0","0","0","0","0","0","0","-1","-1","0","6","6","0","1","1","0","0","0","0","0","499","0","0","0","0","1","1","0","0","0","0","0","0","0","107","107","0","0","0","0","0","0","0","0","0","0","0","0","0","4","1","0","0","0","0","0","0","0","0","0","0","4096","4096","0","0","0","0","0","0","0","0","0","28","0","50","Improved Shield Block","","","","","","","","","","","","","","","","16712190","Rank 1","","","","","","","","","","","","","","","","16712190","Allows your Shield Block ability to block an additional attack and increases the duration by $/1000;S2 second.","","","","","","","","","","","","","","","","16712190","","","","","","","","","","","","","","","","","16712188","0","0","0","0","4","0","0","0","0","0","0","0","1","1","1","0","0","0","0","0","0","1","0","0","0","0","0","0","0","0"
"12307","0","0","0","262352","0","0","0","0","0","0","0","0","0","0","0","0","0","0","0","0","0","0","0","0","0","0","0","1","0","0","0","0","0","0","101","0","0","0","1","21","0","0","0","0","0","1","0","0","0","0","0","0","0","0","0","0","0","0","0","0","0","0","0","0","0","0","0","-1","-1","0","6","6","0","1","1","0","0","0","0","0","999","0","0","0","0","1","1","0","0","0","0","0","0","0","107","107","0","0","0","0","0","0","0","0","0","0","0","0","0","4","1","0","0","0","0","0","0","0","0","0","0","4096","4096","0","0","0","0","0","0","0","0","0","28","0","50","Improved Shield Block","","","","","","","","","","","","","","","","16712190","Rank 2","","","","","","","","","","","","","","","","16712190","Allows your Shield Block ability to block an additional attack and increases the duration by $/1000;S2 second.","","","","","","","","","","","","","","","","16712190","","","","","","","","","","","","","","","","","16712188","0","0","0","0","4","0","0","0","0","0","0","0","1","1","1","0","0","0","0","0","0","1","0","0","0","0","0","0","0","0"
"12944","0","0","0","262352","0","0","0","0","0","0","0","0","0","0","0","0","0","0","0","0","0","0","0","0","0","0","0","1","0","0","0","0","0","0","101","0","0","0","1","21","0","0","0","0","0","1","0","0","0","0","0","0","0","0","0","0","0","0","0","0","0","0","0","0","0","0","0","-1","-1","0","6","6","0","1","1","0","0","0","0","0","1999","0","0","0","0","1","1","0","0","0","0","0","0","0","107","107","0","0","0","0","0","0","0","0","0","0","0","0","0","4","1","0","0","0","0","0","0","0","0","0","0","4096","4096","0","0","0","0","0","0","0","0","0","28","0","50","Improved Shield Block","","","","","","","","","","","","","","","","16712190","Rank 3","","","","","","","","","","","","","","","","16712190","Allows your Shield Block ability to block an additional attack and increases the duration by $/1000;s2 seconds.","","","","","","","","","","","","","","","","16712190","","","","","","","","","","","","","","","","","16712188","0","0","0","0","4","0","0","0","0","0","0","0","1","1","1","0","0","0","0","0","0","1","0","0","0","0","0","0","0","0"
"12302","0","0","0","464","0","0","0","0","0","0","0","0","0","0","0","0","0","0","0","0","0","0","0","0","0","0","0","1","0","0","0","0","0","0","101","0","0","0","1","21","0","0","0","0","0","1","0","0","0","0","0","0","0","0","0","0","0","0","0","0","0","0","0","0","0","0","0","-1","-1","0","6","0","0","1","0","0","0","0","0","-1001","0","0","0","0","0","1","0","0","0","0","0","0","0","0","107","0","0","0","0","0","0","0","0","0","0","0","0","0","0","11","0","0","0","0","0","0","0","0","0","0","0","32768","0","0","0","0","0","0","0","0","0","0","24","0","50","Improved Taunt","","","","","","","","","","","","","","","","16712190","Rank 1","","","","","","","","","","","","","","","","16712190","Reduces the cooldown of your Taunt ability by $/1000;s1 sec.","","","","","","","","","","","","","","","","16712190","","","","","","","","","","","","","","","","","16712188","0","0","0","0","4","0","0","0","0","0","0","0","1","1","1","0","0","0","0","0","0","1","0","0","0","0","0","0","0","0"
"12765","0","0","0","464","0","0","0","0","0","0","0","0","0","0","0","0","0","0","0","0","0","0","0","0","0","0","0","1","0","0","0","0","0","0","101","0","0","0","1","21","0","0","0","0","0","1","0","0","0","0","0","0","0","0","0","0","0","0","0","0","0","0","0","0","0","0","0","-1","-1","0","6","0","0","1","0","0","0","0","0","-2001","0","0","0","0","0","1","0","0","0","0","0","0","0","0","107","0","0","0","0","0","0","0","0","0","0","0","0","0","0","11","0","0","0","0","0","0","0","0","0","0","0","32768","0","0","0","0","0","0","0","0","0","0","24","0","50","Improved Taunt","","","","","","","","","","","","","","","","16712190","Rank 2","","","","","","","","","","","","","","","","16712190","Reduces the cooldown of your Taunt ability by $/1000;s1 sec.","","","","","","","","","","","","","","","","16712190","","","","","","","","","","","","","","","","","16712188","0","0","0","0","4","0","0","0","0","0","0","0","1","1","1","0","0","0","0","0","0","1","0","0","0","0","0","0","0","0"
"13707","0","0","0","464","0","0","0","0","0","0","0","0","0","0","0","0","0","0","0","0","0","0","0","0","0","0","0","1","0","0","0","0","0","0","101","0","0","0","1","21","0","0","0","0","0","1","0","0","0","0","0","0","0","0","0","0","0","0","0","0","0","0","0","0","0","0","0","2","8192","0","6","0","0","1","0","0","0","0","0","0","0","0","0","0","0","1","0","0","0","0","0","0","0","0","52","0","0","0","0","0","0","0","0","0","0","0","0","0","0","0","0","0","0","0","0","0","0","0","0","0","0","0","0","0","0","0","0","0","0","0","0","0","756","0","50","Fist Weapon Specialization","","","","","","","","","","","","","","","","16712190","Rank 1","","","","","","","","","","","","","","","","16712190","Increases your chance to get a critical strike with Fist Weapons by $s1%.","","","","","","","","","","","","","","","","16712190","","","","","","","","","","","","","","","","","16712188","0","0","0","0","0","0","0","0","0","0","0","0","1","1","1","0","0","0","0","0","0","1","0","0","0","0","0","0","0","0"
"13966","0","0","0","464","0","0","0","0","0","0","0","0","0","0","0","0","0","0","0","0","0","0","0","0","0","0","0","1","0","0","0","0","0","0","101","0","0","0","1","21","0","0","0","0","0","1","0","0","0","0","0","0","0","0","0","0","0","0","0","0","0","0","0","0","0","0","0","2","8192","0","6","0","0","1","0","0","0","0","0","1","0","0","0","0","0","1","0","0","0","0","0","0","0","0","52","0","0","0","0","0","0","0","0","0","0","0","0","0","0","0","0","0","0","0","0","0","0","0","0","0","0","0","0","0","0","0","0","0","0","0","0","0","756","0","50","Fist Weapon Specialization","","","","","","","","","","","","","","","","16712190","Rank 2","","","","","","","","","","","","","","","","16712190","Increases your chance to get a critical strike with Fist Weapons by $s1%.","","","","","","","","","","","","","","","","16712190","","","","","","","","","","","","","","","","","16712188","0","0","0","0","0","0","0","0","0","0","0","0","1","1","1","0","0","0","0","0","0","1","0","0","0","0","0","0","0","0"
"13967","0","0","0","464","0","0","0","0","0","0","0","0","0","0","0","0","0","0","0","0","0","0","0","0","0","0","0","1","0","0","0","0","0","0","101","0","0","0","1","21","0","0","0","0","0","1","0","0","0","0","0","0","0","0","0","0","0","0","0","0","0","0","0","0","0","0","0","2","8192","0","6","0","0","1","0","0","0","0","0","2","0","0","0","0","0","1","0","0","0","0","0","0","0","0","52","0","0","0","0","0","0","0","0","0","0","0","0","0","0","0","0","0","0","0","0","0","0","0","0","0","0","0","0","0","0","0","0","0","0","0","0","0","756","0","50","Fist Weapon Specialization","","","","","","","","","","","","","","","","16712190","Rank 3","","","","","","","","","","","","","","","","16712190","Increases your chance to get a critical strike with Fist Weapons by $s1%.","","","","","","","","","","","","","","","","16712190","","","","","","","","","","","","","","","","","16712188","0","0","0","0","0","0","0","0","0","0","0","0","1","1","1","0","0","0","0","0","0","1","0","0","0","0","0","0","0","0"
"13968","0","0","0","464","0","0","0","0","0","0","0","0","0","0","0","0","0","0","0","0","0","0","0","0","0","0","0","1","0","0","0","0","0","0","101","0","0","0","1","21","0","0","0","0","0","1","0","0","0","0","0","0","0","0","0","0","0","0","0","0","0","0","0","0","0","0","0","2","8192","0","6","0","0","1","0","0","0","0","0","3","0","0","0","0","0","1","0","0","0","0","0","0","0","0","52","0","0","0","0","0","0","0","0","0","0","0","0","0","0","0","0","0","0","0","0","0","0","0","0","0","0","0","0","0","0","0","0","0","0","0","0","0","756","0","50","Fist Weapon Specialization","","","","","","","","","","","","","","","","16712190","Rank 4","","","","","","","","","","","","","","","","16712190","Increases your chance to get a critical strike with Fist Weapons by $s1%.","","","","","","","","","","","","","","","","16712190","","","","","","","","","","","","","","","","","16712188","0","0","0","0","0","0","0","0","0","0","0","0","1","1","1","0","0","0","0","0","0","1","0","0","0","0","0","0","0","0"
"13969","0","0","0","464","0","0","0","0","0","0","0","0","0","0","0","0","0","0","0","0","0","0","0","0","0","0","0","1","0","0","0","0","0","0","101","0","0","0","1","21","0","0","0","0","0","1","0","0","0","0","0","0","0","0","0","0","0","0","0","0","0","0","0","0","0","0","0","2","8192","0","6","0","0","1","0","0","0","0","0","4","0","0","0","0","0","1","0","0","0","0","0","0","0","0","52","0","0","0","0","0","0","0","0","0","0","0","0","0","0","0","0","0","0","0","0","0","0","0","0","0","0","0","0","0","0","0","0","0","0","0","0","0","756","0","50","Fist Weapon Specialization","","","","","","","","","","","","","","","","16712190","Rank 5","","","","","","","","","","","","","","","","16712190","Increases your chance to get a critical strike with Fist Weapons by $s1%.","","","","","","","","","","","","","","","","16712190","","","","","","","","","","","","","","","","","16712188","0","0","0","0","0","0","0","0","0","0","0","0","1","1","1","0","0","0","0","0","0","1","0","0","0","0","0","0","0","0"
"18544","0","0","0","464","0","0","0","0","0","0","0","0","0","0","0","0","0","0","0","0","0","0","0","0","0","0","0","1","0","0","0","0","0","0","101","0","0","0","0","21","0","0","0","0","0","1","0","0","0","0","0","0","0","0","0","0","0","0","0","0","0","0","0","0","0","0","0","-1","0","0","6","6","6","1","1","1","0","0","0","0","0","0","0","0","0","1","1","1","0","0","0","0","0","0","107","108","108","0","0","0","0","0","0","0","0","0","0","0","0","7","0","22","0","0","0","0","0","0","0","0","0","139993232","5775504","10518528","0","0","0","0","0","0","0","0","340","0","0","Force of Will","","","","","","","","","","","","","","","","16712190","Rank 1","","","","","","","","","","","","","","","","16712190","Increases your spell damage by $s2% and the critical strike chance of your offensive spells by $s1%.","","","","","","","","","","","","","","","","16712190","","","","","","","","","","","","","","","","","16712188","0","0","0","0","6","0","0","0","0","0","0","0","1","1","1","0","0","0","0","0","0","1","0","0","0","0","0","0","0","0"
"18547","0","0","0","464","0","0","0","0","0","0","0","0","0","0","0","0","0","0","0","0","0","0","0","0","0","0","0","1","0","0","0","0","0","0","101","0","0","0","0","21","0","0","0","0","0","1","0","0","0","0","0","0","0","0","0","0","0","0","0","0","0","0","0","0","0","0","0","-1","0","0","6","6","6","1","1","1","0","0","0","1","1","1","0","0","0","1","1","1","0","0","0","0","0","0","107","108","108","0","0","0","0","0","0","0","0","0","0","0","0","7","0","22","0","0","0","0","0","0","0","0","0","139993232","5775504","10518528","0","0","0","0","0","0","0","0","340","0","0","Force of Will","","","","","","","","","","","","","","","","16712190","Rank 2","","","","","","","","","","","","","","","","16712190","Increases your spell damage by $s2% and the critical strike chance of your offensive spells by $s1%.","","","","","","","","","","","","","","","","16712190","","","","","","","","","","","","","","","","","16712188","0","0","0","0","6","0","0","0","0","0","0","0","1","1","1","0","0","0","0","0","0","1","0","0","0","0","0","0","0","0"
"18548","0","0","0","464","0","0","0","0","0","0","0","0","0","0","0","0","0","0","0","0","0","0","0","0","0","0","0","1","0","0","0","0","0","0","101","0","0","0","0","21","0","0","0","0","0","1","0","0","0","0","0","0","0","0","0","0","0","0","0","0","0","0","0","0","0","0","0","-1","0","0","6","6","6","1","1","1","0","0","0","2","2","2","0","0","0","1","1","1","0","0","0","0","0","0","107","108","108","0","0","0","0","0","0","0","0","0","0","0","0","7","0","22","0","0","0","0","0","0","0","0","0","139993232","5775504","10518528","0","0","0","0","0","0","0","0","340","0","0","Force of Will","","","","","","","","","","","","","","","","16712190","Rank 3","","","","","","","","","","","","","","","","16712190","Increases your spell damage by $s2% and the critical strike chance of your offensive spells by $s1%.","","","","","","","","","","","","","","","","16712190","","","","","","","","","","","","","","","","","16712188","0","0","0","0","6","0","0","0","0","0","0","0","1","1","1","0","0","0","0","0","0","1","0","0","0","0","0","0","0","0"
"18549","0","0","0","464","0","0","0","0","0","0","0","0","0","0","0","0","0","0","0","0","0","0","0","0","0","0","0","1","0","0","0","0","0","0","101","0","0","0","0","21","0","0","0","0","0","1","0","0","0","0","0","0","0","0","0","0","0","0","0","0","0","0","0","0","0","0","0","-1","0","0","6","6","6","1","1","1","0","0","0","3","3","3","0","0","0","1","1","1","0","0","0","0","0","0","107","108","108","0","0","0","0","0","0","0","0","0","0","0","0","7","0","22","0","0","0","0","0","0","0","0","0","139993232","5775504","10518528","0","0","0","0","0","0","0","0","340","0","0","Force of Will","","","","","","","","","","","","","","","","16712190","Rank 4","","","","","","","","","","","","","","","","16712190","Increases your spell damage by $s2% and the critical strike chance of your offensive spells by $s1%.","","","","","","","","","","","","","","","","16712190","","","","","","","","","","","","","","","","","16712188","0","0","0","0","6","0","0","0","0","0","0","0","1","1","1","0","0","0","0","0","0","1","0","0","0","0","0","0","0","0"
"18550","0","0","0","464","0","0","0","0","0","0","0","0","0","0","0","0","0","0","0","0","0","0","0","0","0","0","0","1","0","0","0","0","0","0","101","0","0","0","0","21","0","0","0","0","0","1","0","0","0","0","0","0","0","0","0","0","0","0","0","0","0","0","0","0","0","0","0","-1","0","0","6","6","6","1","1","1","0","0","0","4","4","4","0","0","0","1","1","1","0","0","0","0","0","0","107","108","108","0","0","0","0","0","0","0","0","0","0","0","0","7","0","22","0","0","0","0","0","0","0","0","0","139993232","5775504","10518528","0","0","0","0","0","0","0","0","340","0","0","Force of Will","","","","","","","","","","","","","","","","16712190","Rank 5","","","","","","","","","","","","","","","","16712190","Increases your spell damage by $s1% and the critical strike chance of your offensive spells by $s1%.","","","","","","","","","","","","","","","","16712190","","","","","","","","","","","","","","","","","16712188","0","0","0","0","6","0","0","0","0","0","0","0","1","1","1","0","0","0","0","0","0","1","0","0","0","0","0","0","0","0"
"15268","0","0","0","464","0","0","67108864","0","0","0","0","0","0","0","0","0","0","0","0","0","0","0","0","0","0","0","0","1","0","0","0","0","0","87376","2","0","0","0","0","21","0","0","0","0","0","1","0","0","0","0","0","0","0","0","0","0","0","0","0","0","0","0","0","0","0","0","0","-1","0","0","6","0","0","1","0","0","0","0","0","-1","0","0","0","0","0","1","0","0","0","0","0","0","0","0","42","0","0","0","0","0","0","0","0","0","0","0","0","0","0","0","0","0","0","0","0","15269","0","0","0","0","0","0","0","0","0","0","0","0","0","0","0","0","173","0","0","Blackout","","","","","","","","","","","","","","","","16712190","Rank 1","","","","","","","","","","","","","","","","16712190","Gives your Shadow damage spells a $h% chance to stun the target for $15269d.","","","","","","","","","","","","","","","","16712190","","","","","","","","","","","","","","","","","16712188","0","0","0","0","6","0","0","0","0","0","0","0","1","0","0","0","0","0","0","0","0","1","0","0","0","0","0","0","0","0"
"15323","0","0","0","464","0","0","67108864","0","0","0","0","0","0","0","0","0","0","0","0","0","0","0","0","0","0","0","0","1","0","0","0","0","0","87376","4","0","0","0","0","21","0","0","0","0","0","1","0","0","0","0","0","0","0","0","0","0","0","0","0","0","0","0","0","0","0","0","0","-1","0","0","6","0","0","1","0","0","0","0","0","-1","0","0","0","0","0","1","0","0","0","0","0","0","0","0","42","0","0","0","0","0","0","0","0","0","0","0","0","0","0","0","0","0","0","0","0","15269","0","0","0","0","0","0","0","0","0","0","0","0","0","0","0","0","173","0","0","Blackout","","","","","","","","","","","","","","","","16712190","Rank 2","","","","","","","","","","","","","","","","16712190","Gives your Shadow damage spells a $h% chance to stun the target for $15269d.","","","","","","","","","","","","","","","","16712190","","","","","","","","","","","","","","","","","16712188","0","0","0","0","6","0","0","0","0","0","0","0","1","0","0","0","0","0","0","0","0","1","0","0","0","0","0","0","0","0"
"15324","0","0","0","464","0","0","67108864","0","0","0","0","0","0","0","0","0","0","0","0","0","0","0","0","0","0","0","0","1","0","0","0","0","0","87376","6","0","0","0","0","21","0","0","0","0","0","1","0","0","0","0","0","0","0","0","0","0","0","0","0","0","0","0","0","0","0","0","0","-1","0","0","6","0","0","1","0","0","0","0","0","-1","0","0","0","0","0","1","0","0","0","0","0","0","0","0","42","0","0","0","0","0","0","0","0","0","0","0","0","0","0","0","0","0","0","0","0","15269","0","0","0","0","0","0","0","0","0","0","0","0","0","0","0","0","173","0","0","Blackout","","","","","","","","","","","","","","","","16712190","Rank 3","","","","","","","","","","","","","","","","16712190","Gives your Shadow damage spells a $h% chance to stun the target for $15269d.","","","","","","","","","","","","","","","","16712190","","","","","","","","","","","","","","","","","16712188","0","0","0","0","6","0","0","0","0","0","0","0","1","0","0","0","0","0","0","0","0","1","0","0","0","0","0","0","0","0"
"15325","0","0","0","464","0","0","67108864","0","0","0","0","0","0","0","0","0","0","0","0","0","0","0","0","0","0","0","0","1","0","0","0","0","0","87376","8","0","0","0","0","21","0","0","0","0","0","1","0","0","0","0","0","0","0","0","0","0","0","0","0","0","0","0","0","0","0","0","0","-1","0","0","6","0","0","1","0","0","0","0","0","-1","0","0","0","0","0","1","0","0","0","0","0","0","0","0","42","0","0","0","0","0","0","0","0","0","0","0","0","0","0","0","0","0","0","0","0","15269","0","0","0","0","0","0","0","0","0","0","0","0","0","0","0","0","173","0","0","Blackout","","","","","","","","","","","","","","","","16712190","Rank 4","","","","","","","","","","","","","","","","16712190","Gives your Shadow damage spells a $h% chance to stun the target for $15269d.","","","","","","","","","","","","","","","","16712190","","","","","","","","","","","","","","","","","16712188","0","0","0","0","6","0","0","0","0","0","0","0","1","0","0","0","0","0","0","0","0","1","0","0","0","0","0","0","0","0"
"15326","0","0","0","464","0","0","67108864","0","0","0","0","0","0","0","0","0","0","0","0","0","0","0","0","0","0","0","0","1","0","0","0","0","0","87376","10","0","0","0","0","21","0","0","0","0","0","1","0","0","0","0","0","0","0","0","0","0","0","0","0","0","0","0","0","0","0","0","0","-1","0","0","6","0","0","1","0","0","0","0","0","-1","0","0","0","0","0","1","0","0","0","0","0","0","0","0","42","0","0","0","0","0","0","0","0","0","0","0","0","0","0","0","0","0","0","0","0","15269","0","0","0","0","0","0","0","0","0","0","0","0","0","0","0","0","173","0","0","Blackout","","","","","","","","","","","","","","","","16712190","Rank 5","","","","","","","","","","","","","","","","16712190","Gives your Shadow damage spells a $h% chance to stun the target for $15269d.","","","","","","","","","","","","","","","","16712190","","","","","","","","","","","","","","","","","16712188","0","0","0","0","6","0","0","0","0","0","0","0","1","0","0","0","0","0","0","0","0","1","0","0","0","0","0","0","0","0"
"29062","0","0","0","464","0","0","0","0","0","0","0","0","0","0","0","0","0","0","0","0","0","0","0","0","0","0","0","1","0","0","0","0","0","680","33","0","0","0","0","21","0","0","0","0","0","1","0","0","0","0","0","0","0","0","0","0","0","0","0","0","0","0","0","0","0","0","0","-1","0","0","6","0","0","0","0","0","0","0","0","0","0","0","0","0","0","1","0","0","0","0","0","0","0","0","42","0","0","0","0","0","0","0","0","0","0","0","0","0","0","0","0","0","0","0","0","29063","0","0","0","0","0","0","0","0","0","0","0","0","0","0","0","0","1931","0","0","Eye of the Storm","","","","","","","","","","","","","","","","16712190","Rank 1","","","","","","","","","","","","","","","","16712190","Gives you a $h% chance to gain the Focused Casting effect that lasts for $29063d after being the victim of a melee or ranged critical strike.  The Focused Casting effect prevents you from losing casting time when taking damage.","","","","","","","","","","","","","","","","16712190","","","","","","","","","","","","","","","","","16712188","0","0","0","0","0","0","0","0","0","0","0","0","1","0","0","0","0","0","0","0","0","1","0","0","0","0","0","0","0","0"
"29064","0","0","0","464","0","0","0","0","0","0","0","0","0","0","0","0","0","0","0","0","0","0","0","0","0","0","0","1","0","0","0","0","0","680","66","0","0","0","0","21","0","0","0","0","0","1","0","0","0","0","0","0","0","0","0","0","0","0","0","0","0","0","0","0","0","0","0","-1","0","0","6","0","0","0","0","0","0","0","0","0","0","0","0","0","0","1","0","0","0","0","0","0","0","0","42","0","0","0","0","0","0","0","0","0","0","0","0","0","0","0","0","0","0","0","0","29063","0","0","0","0","0","0","0","0","0","0","0","0","0","0","0","0","1931","0","0","Eye of the Storm","","","","","","","","","","","","","","","","16712190","Rank 2","","","","","","","","","","","","","","","","16712190","Gives you a $h% chance to gain the Focused Casting effect that lasts for $29063d after being the victim of a melee or ranged critical strike.  The Focused Casting effect prevents you from losing casting time when taking damage.","","","","","","","","","","","","","","","","16712190","","","","","","","","","","","","","","","","","16712188","0","0","0","0","0","0","0","0","0","0","0","0","1","0","0","0","0","0","0","0","0","1","0","0","0","0","0","0","0","0"
"29065","0","0","0","464","0","0","0","0","0","0","0","0","0","0","0","0","0","0","0","0","0","0","0","0","0","0","0","1","0","0","0","0","0","680","100","0","0","0","0","21","0","0","0","0","0","1","0","0","0","0","0","0","0","0","0","0","0","0","0","0","0","0","0","0","0","0","0","-1","0","0","6","0","0","0","0","0","0","0","0","0","0","0","0","0","0","1","0","0","0","0","0","0","0","0","42","0","0","0","0","0","0","0","0","0","0","0","0","0","0","0","0","0","0","0","0","29063","0","0","0","0","0","0","0","0","0","0","0","0","0","0","0","0","1931","0","0","Eye of the Storm","","","","","","","","","","","","","","","","16712190","Rank 3","","","","","","","","","","","","","","","","16712190","Gives you a $h% chance to gain the Focused Casting effect that lasts for $29063d after being the victim of a melee or ranged critical strike.  The Focused Casting effect prevents you from losing casting time when taking damage.","","","","","","","","","","","","","","","","16712190","","","","","","","","","","","","","","","","","16712188","0","0","0","0","0","0","0","0","0","0","0","0","1","0","0","0","0","0","0","0","0","1","0","0","0","0","0","0","0","0"
"16189","0","0","0","464","0","0","0","0","0","0","0","0","0","0","0","0","0","0","0","0","0","0","0","0","0","0","0","1","0","0","0","0","0","0","101","0","0","0","1","21","0","0","0","0","0","1","0","0","0","0","0","0","0","0","0","0","0","0","0","0","0","0","0","0","0","0","0","-1","-1","0","6","0","0","1","0","0","0","0","0","9","0","0","0","0","0","1","0","0","0","0","0","0","0","0","107","0","0","0","0","0","0","0","0","0","0","0","0","0","0","6","0","0","0","0","0","0","0","0","0","0","0","0","0","0","0","0","0","0","0","0","0","0","65","0","50","Totemic Mastery","","","","","","","","","","","","","","","","16712190","","","","","","","","","","","","","","","","","16712188","The radius of your totems that affect friendly targets is increased to 30 yd.","","","","","","","","","","","","","","","","16712190","","","","","","","","","","","","","","","","","16712188","0","0","0","0","11","0","0","0","0","0","0","0","1","1","1","0","0","0","0","0","0","1","0","0","0","0","0","0","0","0"
"16180","0","0","0","464","0","0","0","0","0","0","0","0","0","0","0","0","0","0","0","0","0","0","0","0","0","0","0","1","0","0","0","0","0","0","101","0","0","0","0","21","0","0","0","0","0","1","0","0","0","0","0","0","0","0","0","0","0","0","0","0","0","0","0","0","0","0","0","-1","0","0","6","6","0","1","1","0","0","0","0","0","0","0","0","0","0","1","1","0","0","0","0","0","0","0","54","55","0","0","0","0","0","0","0","0","0","0","0","0","0","0","0","0","0","0","0","0","0","0","0","0","0","0","0","0","0","0","0","0","0","0","0","0","15","0","0","Nature's Guidance","","","","","","","","","","","","","","","","16712190","Rank 1","","","","","","","","","","","","","","","","16712190","Increases your chance to hit with melee attacks and spells by $s1%.","","","","","","","","","","","","","","","","16712190","","","","","","","","","","","","","","","","","16712188","0","0","0","0","11","0","0","0","0","0","0","0","1","1","0","0","0","0","0","0","0","1","0","0","0","0","0","0","0","0"
"16196","0","0","0","464","0","0","0","0","0","0","0","0","0","0","0","0","0","0","0","0","0","0","0","0","0","0","0","1","0","0","0","0","0","0","101","0","0","0","0","21","0","0","0","0","0","1","0","0","0","0","0","0","0","0","0","0","0","0","0","0","0","0","0","0","0","0","0","-1","0","0","6","6","0","1","1","0","0","0","0","1","1","0","0","0","0","1","1","0","0","0","0","0","0","0","54","55","0","0","0","0","0","0","0","0","0","0","0","0","0","0","0","0","0","0","0","0","0","0","0","0","0","0","0","0","0","0","0","0","0","0","0","0","15","0","0","Nature's Guidance","","","","","","","","","","","","","","","","16712190","Rank 2","","","","","","","","","","","","","","","","16712190","Increases your chance to hit with melee attacks and spells by $s1%.","","","","","","","","","","","","","","","","16712190","","","","","","","","","","","","","","","","","16712188","0","0","0","0","11","0","0","0","0","0","0","0","1","1","0","0","0","0","0","0","0","1","0","0","0","0","0","0","0","0"
"16198","0","0","0","464","0","0","0","0","0","0","0","0","0","0","0","0","0","0","0","0","0","0","0","0","0","0","0","1","0","0","0","0","0","0","101","0","0","0","0","21","0","0","0","0","0","1","0","0","0","0","0","0","0","0","0","0","0","0","0","0","0","0","0","0","0","0","0","-1","0","0","6","6","0","1","1","0","0","0","0","2","2","0","0","0","0","1","1","0","0","0","0","0","0","0","54","55","0","0","0","0","0","0","0","0","0","0","0","0","0","0","0","0","0","0","0","0","0","0","0","0","0","0","0","0","0","0","0","0","0","0","0","0","15","0","0","Nature's Guidance","","","","","","","","","","","","","","","","16712190","Rank 3","","","","","","","","","","","","","","","","16712190","Increases your chance to hit with melee attacks and spells by $s1%.","","","","","","","","","","","","","","","","16712190","","","","","","","","","","","","","","","","","16712188","0","0","0","0","11","0","0","0","0","0","0","0","1","1","0","0","0","0","0","0","0","1","0","0","0","0","0","0","0","0"
"29192","0","0","0","464","0","0","0","0","0","0","0","0","0","0","0","0","0","0","0","0","0","0","0","0","0","0","0","1","0","0","0","0","0","0","101","0","0","0","0","21","0","0","0","0","0","1","0","0","0","0","0","0","0","0","0","0","0","0","0","0","0","0","0","0","0","0","0","-1","0","0","6","6","0","1","1","0","0","0","0","14","5","0","0","0","0","1","1","0","0","0","0","0","0","0","108","108","0","0","0","0","0","0","0","0","0","0","0","0","0","3","8","0","0","0","0","0","0","0","0","0","0","0","0","0","0","0","0","0","0","0","0","0","57","0","0","Improved Weapon Totems","","","","","","","","","","","","","","","","16712190","Rank 1","","","","","","","","","","","","","","","","16712190","Increases the melee attack power bonus of your Windfury Totem by $s1% and increases the damage caused by your Flametongue Totem by $s2%.","","","","","","","","","","","","","","","","16712190","","","","","","","","","","","","","","","","","16712188","0","0","0","0","11","0","0","0","0","0","0","0","1","1","1","0","0","0","0","0","0","1","0","0","0","0","0","0","0","0"
"29193","0","0","0","464","0","0","0","0","0","0","0","0","0","0","0","0","0","0","0","0","0","0","0","0","0","0","0","1","0","0","0","0","0","0","101","0","0","0","0","21","0","0","0","0","0","1","0","0","0","0","0","0","0","0","0","0","0","0","0","0","0","0","0","0","0","0","0","-1","0","0","6","6","0","1","1","0","0","0","0","29","11","0","0","0","0","1","1","0","0","0","0","0","0","0","108","108","0","0","0","0","0","0","0","0","0","0","0","0","0","3","8","0","0","0","0","0","0","0","0","0","0","0","0","0","0","0","0","0","0","0","0","0","57","0","0","Improved Weapon Totems","","","","","","","","","","","","","","","","16712190","Rank 2","","","","","","","","","","","","","","","","16712190","Increases the melee attack power bonus of your Windfury Totem by $s1% and increases the damage caused by your Flametongue Totem by $s2%.","","","","","","","","","","","","","","","","16712190","","","","","","","","","","","","","","","","","16712188","0","0","0","0","11","0","0","0","0","0","0","0","1","1","1","0","0","0","0","0","0","1","0","0","0","0","0","0","0","0"
"16269","0","0","0","159646096","2147483648","0","0","0","0","0","0","0","0","0","0","0","0","0","0","0","0","0","0","0","0","0","0","1","0","0","0","0","0","0","101","0","0","0","0","0","0","0","0","0","0","1","0","0","0","0","0","0","0","0","0","0","0","0","0","0","0","0","0","0","0","0","0","-1","-1","0","36","36","0","0","0","0","0","0","0","0","0","0","0","0","0","1","1","0","0","0","0","0","0","0","0","0","0","0","0","0","0","0","0","0","0","0","0","0","0","0","0","0","0","0","0","197","199","0","0","0","0","0","0","0","0","0","0","0","0","0","107","0","1546","0","0","Two-Handed Axes and Maces","","","","","","","","","","","","","","","","16712190","","","","","","","","","","","","","","","","","16712188","Allows you to use Two-Handed Axes and Two-Handed Maces.","","","","","","","","","","","","","","","","16712190","","","","","","","","","","","","","","","","","16712188","0","0","0","0","0","0","0","0","0","0","0","0","1","1","1","0","0","0","0","0","0","1","0","0","0","0","0","0","0","0"
"17079","0","0","0","464","0","0","0","0","0","0","0","0","0","0","0","0","0","0","0","0","0","0","0","0","0","0","0","1","0","0","0","0","0","87376","100","0","0","0","0","21","0","0","0","0","0","1","0","0","0","0","0","0","0","0","0","0","0","0","0","0","0","0","0","0","0","0","0","-1","0","0","6","0","0","1","0","0","0","0","0","-1","0","0","0","0","0","1","0","0","0","0","0","0","0","0","42","0","0","0","0","0","0","0","0","0","0","0","0","0","0","0","0","0","0","0","0","17080","0","0","0","0","0","0","0","0","0","0","0","0","0","0","0","0","961","0","0","Improved Enrage","","","","","","","","","","","","","","","","16712190","Rank 1","","","","","","","","","","","","","","","","16712190","The Enrage ability now instantly generates $/10;17080s1 Rage.","","","","","","","","","","","","","","","","16712190","","","","","","","","","","","","","","","","","16712188","0","0","0","0","7","0","0","0","0","0","0","0","1","1","1","0","0","0","0","0","0","1","0","0","0","0","0","0","0","0"
"17082","0","0","0","464","0","0","0","0","0","0","0","0","0","0","0","0","0","0","0","0","0","0","0","0","0","0","0","1","0","0","0","0","0","87376","100","0","0","0","0","21","0","0","0","0","0","1","0","0","0","0","0","0","0","0","0","0","0","0","0","0","0","0","0","0","0","0","0","-1","0","0","6","0","0","1","0","0","0","0","0","-1","0","0","0","0","0","1","0","0","0","0","0","0","0","0","42","0","0","0","0","0","0","0","0","0","0","0","0","0","0","0","0","0","0","0","0","17081","0","0","0","0","0","0","0","0","0","0","0","0","0","0","0","0","961","0","0","Improved Enrage","","","","","","","","","","","","","","","","16712190","Rank 2","","","","","","","","","","","","","","","","16712190","The Enrage ability now instantly generates $/10;17081s1 Rage.","","","","","","","","","","","","","","","","16712190","","","","","","","","","","","","","","","","","16712188","0","0","0","0","7","0","0","0","0","0","0","0","1","1","1","0","0","0","0","0","0","1","0","0","0","0","0","0","0","0"
"17245","0","0","0","464","0","0","0","0","0","0","0","0","0","0","0","0","0","0","0","0","0","0","0","0","0","0","0","1","0","0","0","0","0","0","101","0","0","0","0","21","0","0","0","0","0","1","0","0","0","0","0","0","0","0","0","0","0","0","0","0","0","0","0","0","0","0","0","-1","0","0","6","0","0","1","0","0","0","0","0","14","0","0","0","0","0","1","0","0","0","0","0","0","0","0","107","0","0","0","0","0","0","0","0","0","0","0","0","0","0","18","0","0","0","0","0","0","0","0","0","0","0","1048576","0","0","0","0","0","0","0","0","0","0","168","0","0","Improved Nature's Grasp","","","","","","","","","","","","","","","","16712190","Rank 1","","","","","","","","","","","","","","","","16712190","Increases the chance for your Nature's Grasp to entangle an enemy by $s1%.","","","","","","","","","","","","","","","","16712190","","","","","","","","","","","","","","","","","16712188","0","0","0","0","7","0","0","0","0","0","0","0","1","0","0","0","0","0","0","0","0","1","0","0","0","0","0","0","0","0"
"17247","0","0","0","464","0","0","0","0","0","0","0","0","0","0","0","0","0","0","0","0","0","0","0","0","0","0","0","1","0","0","0","0","0","0","101","0","0","0","0","21","0","0","0","0","0","1","0","0","0","0","0","0","0","0","0","0","0","0","0","0","0","0","0","0","0","0","0","-1","0","0","6","0","0","1","0","0","0","0","0","29","0","0","0","0","0","1","0","0","0","0","0","0","0","0","107","0","0","0","0","0","0","0","0","0","0","0","0","0","0","18","0","0","0","0","0","0","0","0","0","0","0","1048576","0","0","0","0","0","0","0","0","0","0","168","0","0","Improved Nature's Grasp","","","","","","","","","","","","","","","","16712190","Rank 2","","","","","","","","","","","","","","","","16712190","Increases the chance for your Nature's Grasp to entangle an enemy by $s1%.","","","","","","","","","","","","","","","","16712190","","","","","","","","","","","","","","","","","16712188","0","0","0","0","7","0","0","0","0","0","0","0","1","0","0","0","0","0","0","0","0","1","0","0","0","0","0","0","0","0"
"17248","0","0","0","464","0","0","0","0","0","0","0","0","0","0","0","0","0","0","0","0","0","0","0","0","0","0","0","1","0","0","0","0","0","0","101","0","0","0","0","21","0","0","0","0","0","1","0","0","0","0","0","0","0","0","0","0","0","0","0","0","0","0","0","0","0","0","0","-1","0","0","6","0","0","1","0","0","0","0","0","44","0","0","0","0","0","1","0","0","0","0","0","0","0","0","107","0","0","0","0","0","0","0","0","0","0","0","0","0","0","18","0","0","0","0","0","0","0","0","0","0","0","1048576","0","0","0","0","0","0","0","0","0","0","168","0","0","Improved Nature's Grasp","","","","","","","","","","","","","","","","16712190","Rank 3","","","","","","","","","","","","","","","","16712190","Increases the chance for your Nature's Grasp to entangle an enemy by $s1%.","","","","","","","","","","","","","","","","16712190","","","","","","","","","","","","","","","","","16712188","0","0","0","0","7","0","0","0","0","0","0","0","1","0","0","0","0","0","0","0","0","1","0","0","0","0","0","0","0","0"
"17249","0","0","0","464","0","0","0","0","0","0","0","0","0","0","0","0","0","0","0","0","0","0","0","0","0","0","0","1","0","0","0","0","0","0","101","0","0","0","0","21","0","0","0","0","0","1","0","0","0","0","0","0","0","0","0","0","0","0","0","0","0","0","0","0","0","0","0","-1","0","0","6","0","0","1","0","0","0","0","0","64","0","0","0","0","0","1","0","0","0","0","0","0","0","0","107","0","0","0","0","0","0","0","0","0","0","0","0","0","0","18","0","0","0","0","0","0","0","0","0","0","0","1048576","0","0","0","0","0","0","0","0","0","0","168","0","0","Improved Nature's Grasp","","","","","","","","","","","","","","","","16712190","Rank 4","","","","","","","","","","","","","","","","16712190","Increases the chance for your Nature's Grasp to entangle an enemy by $s1%.","","","","","","","","","","","","","","","","16712190","","","","","","","","","","","","","","","","","16712188","0","0","0","0","7","0","0","0","0","0","0","0","1","0","0","0","0","0","0","0","0","1","0","0","0","0","0","0","0","0"
"16902","0","0","0","464","0","0","0","0","0","0","0","0","0","0","0","0","0","0","0","0","0","0","0","0","0","0","0","1","0","0","0","0","0","0","101","0","0","0","0","21","0","0","0","0","0","1","0","0","0","0","0","0","0","0","0","0","0","0","0","0","0","0","0","0","0","0","0","-1","0","0","6","0","0","1","0","0","0","0","0","1","0","0","0","0","0","1","0","0","0","0","0","0","0","0","79","0","0","0","0","0","0","0","0","0","0","0","0","0","0","1","0","0","0","0","0","0","0","0","0","0","0","0","0","0","0","0","0","0","0","0","0","0","598","0","0","Natural Weapons","","","","","","","","","","","","","","","","16712190","Rank 1","","","","","","","","","","","","","","","","16712190","Increases the damage you deal with physical attacks in all forms by $s1%.","","","","","","","","","","","","","","","","16712190","","","","","","","","","","","","","","","","","16712188","0","0","0","0","0","0","0","0","0","0","0","0","1","0","0","0","0","0","0","0","0","1","0","0","0","0","0","0","0","0"
"16903","0","0","0","464","0","0","0","0","0","0","0","0","0","0","0","0","0","0","0","0","0","0","0","0","0","0","0","1","0","0","0","0","0","0","101","0","0","0","0","21","0","0","0","0","0","1","0","0","0","0","0","0","0","0","0","0","0","0","0","0","0","0","0","0","0","0","0","-1","0","0","6","0","0","1","0","0","0","0","0","3","0","0","0","0","0","1","0","0","0","0","0","0","0","0","79","0","0","0","0","0","0","0","0","0","0","0","0","0","0","1","0","0","0","0","0","0","0","0","0","0","0","0","0","0","0","0","0","0","0","0","0","0","598","0","0","Natural Weapons","","","","","","","","","","","","","","","","16712190","Rank 2","","","","","","","","","","","","","","","","16712190","Increases the damage you deal with physical attacks in all forms by $s1%.","","","","","","","","","","","","","","","","16712190","","","","","","","","","","","","","","","","","16712188","0","0","0","0","0","0","0","0","0","0","0","0","1","0","0","0","0","0","0","0","0","1","0","0","0","0","0","0","0","0"
"16904","0","0","0","464","0","0","0","0","0","0","0","0","0","0","0","0","0","0","0","0","0","0","0","0","0","0","0","1","0","0","0","0","0","0","101","0","0","0","0","21","0","0","0","0","0","1","0","0","0","0","0","0","0","0","0","0","0","0","0","0","0","0","0","0","0","0","0","-1","0","0","6","0","0","1","0","0","0","0","0","5","0","0","0","0","0","1","0","0","0","0","0","0","0","0","79","0","0","0","0","0","0","0","0","0","0","0","0","0","0","1","0","0","0","0","0","0","0","0","0","0","0","0","0","0","0","0","0","0","0","0","0","0","598","0","0","Natural Weapons","","","","","","","","","","","","","","","","16712190","Rank 3","","","","","","","","","","","","","","","","16712190","Increases the damage you deal with physical attacks in all forms by $s1%.","","","","","","","","","","","","","","","","16712190","","","","","","","","","","","","","","","","","16712188","0","0","0","0","0","0","0","0","0","0","0","0","1","0","0","0","0","0","0","0","0","1","0","0","0","0","0","0","0","0"
"16905","0","0","0","464","0","0","0","0","0","0","0","0","0","0","0","0","0","0","0","0","0","0","0","0","0","0","0","1","0","0","0","0","0","0","101","0","0","0","0","21","0","0","0","0","0","1","0","0","0","0","0","0","0","0","0","0","0","0","0","0","0","0","0","0","0","0","0","-1","0","0","6","0","0","1","0","0","0","0","0","7","0","0","0","0","0","1","0","0","0","0","0","0","0","0","79","0","0","0","0","0","0","0","0","0","0","0","0","0","0","1","0","0","0","0","0","0","0","0","0","0","0","0","0","0","0","0","0","0","0","0","0","0","598","0","0","Natural Weapons","","","","","","","","","","","","","","","","16712190","Rank 4","","","","","","","","","","","","","","","","16712190","Increases the damage you deal with physical attacks in all forms by $s1%.","","","","","","","","","","","","","","","","16712190","","","","","","","","","","","","","","","","","16712188","0","0","0","0","0","0","0","0","0","0","0","0","1","0","0","0","0","0","0","0","0","1","0","0","0","0","0","0","0","0"
"16906","0","0","0","464","0","0","0","0","0","0","0","0","0","0","0","0","0","0","0","0","0","0","0","0","0","0","0","1","0","0","0","0","0","0","101","0","0","0","0","21","0","0","0","0","0","1","0","0","0","0","0","0","0","0","0","0","0","0","0","0","0","0","0","0","0","0","0","-1","0","0","6","0","0","1","0","0","0","0","0","9","0","0","0","0","0","1","0","0","0","0","0","0","0","0","79","0","0","0","0","0","0","0","0","0","0","0","0","0","0","1","0","0","0","0","0","0","0","0","0","0","0","0","0","0","0","0","0","0","0","0","0","0","598","0","0","Natural Weapons","","","","","","","","","","","","","","","","16712190","Rank 5","","","","","","","","","","","","","","","","16712190","Increases the damage you deal with physical attacks in all forms by $s1%.","","","","","","","","","","","","","","","","16712190","","","","","","","","","","","","","","","","","16712188","0","0","0","0","0","0","0","0","0","0","0","0","1","0","0","0","0","0","0","0","0","1","0","0","0","0","0","0","0","0"
"16918","0","0","0","464","0","0","0","0","0","0","0","0","0","0","0","0","0","0","0","0","0","0","0","0","0","0","0","1","0","0","0","0","0","0","101","0","0","0","0","21","0","0","0","0","0","1","0","0","0","0","0","0","0","0","0","0","0","0","0","0","0","0","0","0","0","0","0","-1","0","0","6","0","0","1","0","0","0","0","0","39","0","0","0","0","0","1","0","0","0","0","0","0","0","0","108","0","0","0","0","0","0","0","0","0","0","0","0","0","0","9","0","0","0","0","0","0","0","0","0","0","0","512","0","0","0","0","0","0","0","0","0","0","20","0","0","Improved Entangling Roots","","","","","","","","","","","","","","","","16712190","Rank 1","","","","","","","","","","","","","","","","16712190","Gives you a $s1% chance to avoid interruption caused by damage while casting Entangling Roots.","","","","","","","","","","","","","","","","16712190","","","","","","","","","","","","","","","","","16712188","0","0","0","0","7","0","0","0","0","0","0","0","1","0","0","0","0","0","0","0","0","1","0","0","0","0","0","0","0","0"
"16919","0","0","0","464","0","0","0","0","0","0","0","0","0","0","0","0","0","0","0","0","0","0","0","0","0","0","0","1","0","0","0","0","0","0","101","0","0","0","0","21","0","0","0","0","0","1","0","0","0","0","0","0","0","0","0","0","0","0","0","0","0","0","0","0","0","0","0","-1","0","0","6","0","0","1","0","0","0","0","0","69","0","0","0","0","0","1","0","0","0","0","0","0","0","0","108","0","0","0","0","0","0","0","0","0","0","0","0","0","0","9","0","0","0","0","0","0","0","0","0","0","0","512","0","0","0","0","0","0","0","0","0","0","20","0","0","Improved Entangling Roots","","","","","","","","","","","","","","","","16712190","Rank 2","","","","","","","","","","","","","","","","16712190","Gives you a $s1% chance to avoid interruption caused by damage while casting Entangling Roots.","","","","","","","","","","","","","","","","16712190","","","","","","","","","","","","","","","","","16712188","0","0","0","0","7","0","0","0","0","0","0","0","1","0","0","0","0","0","0","0","0","1","0","0","0","0","0","0","0","0"
"16920","0","0","0","464","0","0","0","0","0","0","0","0","0","0","0","0","0","0","0","0","0","0","0","0","0","0","0","1","0","0","0","0","0","0","101","0","0","0","0","21","0","0","0","0","0","1","0","0","0","0","0","0","0","0","0","0","0","0","0","0","0","0","0","0","0","0","0","-1","0","0","6","0","0","1","0","0","0","0","0","99","0","0","0","0","0","1","0","0","0","0","0","0","0","0","108","0","0","0","0","0","0","0","0","0","0","0","0","0","0","9","0","0","0","0","0","0","0","0","0","0","0","512","0","0","0","0","0","0","0","0","0","0","20","0","0","Improved Entangling Roots","","","","","","","","","","","","","","","","16712190","Rank 3","","","","","","","","","","","","","","","","16712190","Gives you a $s1% chance to avoid interruption caused by damage while casting Entangling Roots.","","","","","","","","","","","","","","","","16712190","","","","","","","","","","","","","","","","","16712188","0","0","0","0","7","0","0","0","0","0","0","0","1","0","0","0","0","0","0","0","0","1","0","0","0","0","0","0","0","0"
"18128","0","0","0","464","0","0","0","0","0","0","0","0","0","0","0","0","0","0","0","0","0","0","0","0","0","0","0","1","0","0","0","0","0","0","101","0","0","0","0","21","0","0","0","0","0","1","0","0","0","0","0","0","0","0","0","0","0","0","0","0","0","0","0","0","0","0","0","-1","0","0","6","0","0","1","0","0","0","0","0","-3001","0","0","0","0","0","1","0","0","0","0","0","0","0","0","107","0","0","0","0","0","0","0","0","0","0","0","0","0","0","11","0","0","0","0","0","0","0","0","0","0","0","8192","0","0","0","0","0","0","0","0","0","0","596","0","0","Improved Lash of Pain","","","","","","","","","","","","","","","","16712190","Rank 1","","","","","","","","","","","","","","","","16712190","Reduces the cooldown of your Succubus' Lash of Pain spell by $/1000;s1 sec.","","","","","","","","","","","","","","","","16712190","","","","","","","","","","","","","","","","","16712188","0","0","0","0","5","0","0","0","0","0","0","0","1","0","0","0","0","0","0","0","0","1","0","0","0","0","0","0","0","0"
"18129","0","0","0","464","0","0","0","0","0","0","0","0","0","0","0","0","0","0","0","0","0","0","0","0","0","0","0","1","0","0","0","0","0","0","101","0","0","0","0","21","0","0","0","0","0","1","0","0","0","0","0","0","0","0","0","0","0","0","0","0","0","0","0","0","0","0","0","-1","0","0","6","0","0","1","0","0","0","0","0","-6001","0","0","0","0","0","1","0","0","0","0","0","0","0","0","107","0","0","0","0","0","0","0","0","0","0","0","0","0","0","11","0","0","0","0","0","0","0","0","0","0","0","8192","0","0","0","0","0","0","0","0","0","0","596","0","0","Improved Lash of Pain","","","","","","","","","","","","","","","","16712190","Rank 2","","","","","","","","","","","","","","","","16712190","Reduces the cooldown of your Succubus' Lash of Pain spell by $/1000;s1 sec.","","","","","","","","","","","","","","","","16712190","","","","","","","","","","","","","","","","","16712188","0","0","0","0","5","0","0","0","0","0","0","0","1","0","0","0","0","0","0","0","0","1","0","0","0","0","0","0","0","0"
"17864","0","0","0","464","0","0","0","0","0","0","0","0","0","0","0","0","0","0","0","0","0","0","0","0","0","0","0","1","0","0","0","0","0","0","101","0","0","0","0","21","0","0","0","0","0","1","0","0","0","0","0","0","0","0","0","0","0","0","0","0","0","0","0","0","0","0","0","-1","0","0","6","0","0","1","0","0","0","0","0","0","0","0","0","0","0","1","0","0","0","0","0","0","0","0","112","0","0","0","0","0","0","0","0","0","0","0","0","0","0","2028","0","0","0","0","0","0","0","0","0","0","0","16","0","0","0","0","0","0","0","0","0","0","548","0","0","Improved Drain Mana","","","","","","","","","","","","","","","","16712190","Rank 1","","","","","","","","","","","","","","","","16712190","Causes 15% of the Mana drained by your Drain Mana spell to damage the opponent.","","","","","","","","","","","","","","","","16712190","","","","","","","","","","","","","","","","","16712188","0","0","0","0","5","0","0","0","0","0","0","0","1","0","0","0","0","0","0","0","0","1","0","0","0","0","0","0","0","0"
"18393","0","0","0","464","0","0","0","0","0","0","0","0","0","0","0","0","0","0","0","0","0","0","0","0","0","0","0","1","0","0","0","0","0","0","101","0","0","0","0","21","0","0","0","0","0","1","0","0","0","0","0","0","0","0","0","0","0","0","0","0","0","0","0","0","0","0","0","-1","0","0","6","0","0","1","0","0","0","0","0","0","0","0","0","0","0","1","0","0","0","0","0","0","0","0","112","0","0","0","0","0","0","0","0","0","0","0","0","0","0","2029","0","0","0","0","0","0","0","0","0","0","0","16","0","0","0","0","0","0","0","0","0","0","548","0","0","Improved Drain Mana","","","","","","","","","","","","","","","","16712190","Rank 2","","","","","","","","","","","","","","","","16712190","Causes 30% of the Mana drained by your Drain Mana spell to damage the opponent.","","","","","","","","","","","","","","","","16712190","","","","","","","","","","","","","","","","","16712188","0","0","0","0","5","0","0","0","0","0","0","0","1","0","0","0","0","0","0","0","0","1","0","0","0","0","0","0","0","0"
"18310","0","0","0","464","0","0","0","0","0","0","0","0","0","0","0","0","0","0","0","0","0","0","0","0","0","0","0","1","0","0","0","0","0","0","101","0","0","0","0","21","0","0","0","0","0","1","0","0","0","0","0","0","0","0","0","0","0","0","0","0","0","0","0","0","0","0","0","-1","0","0","6","0","0","1","0","0","0","0","0","-6","0","0","0","0","0","1","0","0","0","0","0","0","0","0","107","0","0","0","0","0","0","0","0","0","0","0","0","0","0","12","0","0","0","0","0","0","0","0","0","0","0","4194304","0","0","0","0","0","0","0","0","0","0","228","0","0","Improved Curse of Exhaustion","","","","","","","","","","","","","","","","16712190","Rank 1","","","","","","","","","","","","","","","","16712190","Increases the speed reduction of your Curse of Exhaustion by $s1%.","","","","","","","","","","","","","","","","16712190","","","","","","","","","","","","","","","","","16712188","0","0","0","0","5","0","0","0","0","0","0","0","1","0","0","0","0","0","0","0","0","1","0","0","0","0","0","0","0","0"
"18311","0","0","0","464","0","0","0","0","0","0","0","0","0","0","0","0","0","0","0","0","0","0","0","0","0","0","0","1","0","0","0","0","0","0","101","0","0","0","0","21","0","0","0","0","0","1","0","0","0","0","0","0","0","0","0","0","0","0","0","0","0","0","0","0","0","0","0","-1","0","0","6","0","0","1","0","0","0","0","0","-11","0","0","0","0","0","1","0","0","0","0","0","0","0","0","107","0","0","0","0","0","0","0","0","0","0","0","0","0","0","12","0","0","0","0","0","0","0","0","0","0","0","4194304","0","0","0","0","0","0","0","0","0","0","228","0","0","Improved Curse of Exhaustion","","","","","","","","","","","","","","","","16712190","Rank 2","","","","","","","","","","","","","","","","16712190","Increases the speed reduction of your Curse of Exhaustion by $s1%.","","","","","","","","","","","","","","","","16712190","","","","","","","","","","","","","","","","","16712188","0","0","0","0","5","0","0","0","0","0","0","0","1","0","0","0","0","0","0","0","0","1","0","0","0","0","0","0","0","0"
"18312","0","0","0","464","0","0","0","0","0","0","0","0","0","0","0","0","0","0","0","0","0","0","0","0","0","0","0","1","0","0","0","0","0","0","101","0","0","0","0","21","0","0","0","0","0","1","0","0","0","0","0","0","0","0","0","0","0","0","0","0","0","0","0","0","0","0","0","-1","0","0","6","0","0","1","0","0","0","0","0","-16","0","0","0","0","0","1","0","0","0","0","0","0","0","0","107","0","0","0","0","0","0","0","0","0","0","0","0","0","0","12","0","0","0","0","0","0","0","0","0","0","0","4194304","0","0","0","0","0","0","0","0","0","0","228","0","0","Improved Curse of Exhaustion","","","","","","","","","","","","","","","","16712190","Rank 3","","","","","","","","","","","","","","","","16712190","Increases the speed reduction of your Curse of Exhaustion by $s1%.","","","","","","","","","","","","","","","","16712190","","","","","","","","","","","","","","","","","16712188","0","0","0","0","5","0","0","0","0","0","0","0","1","0","0","0","0","0","0","0","0","1","0","0","0","0","0","0","0","0"
"18313","0","0","0","464","0","0","0","0","0","0","0","0","0","0","0","0","0","0","0","0","0","0","0","0","0","0","0","1","0","0","0","0","0","0","101","0","0","0","0","21","0","0","0","0","0","1","0","0","0","0","0","0","0","0","0","0","0","0","0","0","0","0","0","0","0","0","0","-1","0","0","6","0","0","1","0","0","0","0","0","-21","0","0","0","0","0","1","0","0","0","0","0","0","0","0","107","0","0","0","0","0","0","0","0","0","0","0","0","0","0","12","0","0","0","0","0","0","0","0","0","0","0","4194304","0","0","0","0","0","0","0","0","0","0","228","0","0","Improved Curse of Exhaustion","","","","","","","","","","","","","","","","16712190","Rank 4","","","","","","","","","","","","","","","","16712190","Increases the speed reduction of your Curse of Exhaustion by $s1%.","","","","","","","","","","","","","","","","16712190","","","","","","","","","","","","","","","","","16712188","0","0","0","0","5","0","0","0","0","0","0","0","1","0","0","0","0","0","0","0","0","1","0","0","0","0","0","0","0","0"
"18265","0","1","0","65536","0","0","0","0","0","0","0","0","0","0","0","0","0","0","0","0","0","0","0","0","0","0","0","1","0","0","8","0","0","0","101","0","38","30","30","9","0","150","0","0","0","4","0","0","0","0","0","0","0","0","0","0","0","0","0","0","0","0","0","0","0","0","0","-1","0","0","6","0","0","1","0","0","0","0","0","14","0","0","0","0","0","6","0","0","0","0","0","0","0","0","53","0","0","3000","0","0","1","0","0","0","0","0","0","0","0","0","0","0","0","0","0","0","0","0","0","0","0","0","0","0","0","0","0","0","0","0","381","0","152","0","0","Siphon Life","","","","","","","","","","","","","","","","16712190","Rank 1","","","","","","","","","","","","","","","","16712190","Transfers $s1 health from the target to the caster every $t1 sec.  Lasts $d.","","","","","","","","","","","","","","","","16712190","Drains $s1 health to the caster every $t1 secs.","","","","","","","","","","","","","","","","16712190","0","133","1500","0","5","0","1","0","0","1","1","0","1","0","0","0","0","0","0","0","0","32","0","0","0","0","0","0","0","0"
"18748","0","0","0","464","0","0","0","0","0","0","0","0","0","0","0","0","0","0","0","0","0","0","0","0","0","0","0","1","0","0","0","0","0","0","101","0","0","0","0","21","0","0","0","0","0","1","0","0","0","0","0","0","0","0","0","0","0","0","0","0","0","0","0","0","0","0","0","-1","0","0","6","0","0","1","0","0","0","0","0","2","0","0","0","0","0","1","0","0","0","0","0","0","0","0","107","0","0","0","0","0","0","0","0","0","0","0","0","0","0","8","0","0","0","0","0","0","0","0","0","0","0","134217728","0","0","0","0","0","0","0","0","0","0","207","0","0","Fel Stamina","","","","","","","","","","","","","","","","16712190","Rank 1","","","","","","","","","","","","","","","","16712190","Increases the maximum Health of your Imp, Voidwalker, Succubus, and Felhunter by $s1%.","","","","","","","","","","","","","","","","16712190","","","","","","","","","","","","","","","","","16712188","0","0","0","0","5","0","0","0","0","0","0","0","1","0","0","0","0","0","0","0","0","1","0","0","0","0","0","0","0","0"
"18749","0","0","0","464","0","0","0","0","0","0","0","0","0","0","0","0","0","0","0","0","0","0","0","0","0","0","0","1","0","0","0","0","0","0","101","0","0","0","0","21","0","0","0","0","0","1","0","0","0","0","0","0","0","0","0","0","0","0","0","0","0","0","0","0","0","0","0","-1","0","0","6","0","0","1","0","0","0","0","0","5","0","0","0","0","0","1","0","0","0","0","0","0","0","0","107","0","0","0","0","0","0","0","0","0","0","0","0","0","0","8","0","0","0","0","0","0","0","0","0","0","0","134217728","0","0","0","0","0","0","0","0","0","0","207","0","0","Fel Stamina","","","","","","","","","","","","","","","","16712190","Rank 2","","","","","","","","","","","","","","","","16712190","Increases the maximum Health of your Imp, Voidwalker, Succubus, and Felhunter by $s1%.","","","","","","","","","","","","","","","","16712190","","","","","","","","","","","","","","","","","16712188","0","0","0","0","5","0","0","0","0","0","0","0","1","0","0","0","0","0","0","0","0","1","0","0","0","0","0","0","0","0"
"18750","0","0","0","464","0","0","0","0","0","0","0","0","0","0","0","0","0","0","0","0","0","0","0","0","0","0","0","1","0","0","0","0","0","0","101","0","0","0","0","21","0","0","0","0","0","1","0","0","0","0","0","0","0","0","0","0","0","0","0","0","0","0","0","0","0","0","0","-1","0","0","6","0","0","1","0","0","0","0","0","8","0","0","0","0","0","1","0","0","0","0","0","0","0","0","107","0","0","0","0","0","0","0","0","0","0","0","0","0","0","8","0","0","0","0","0","0","0","0","0","0","0","134217728","0","0","0","0","0","0","0","0","0","0","207","0","0","Fel Stamina","","","","","","","","","","","","","","","","16712190","Rank 3","","","","","","","","","","","","","","","","16712190","Increases the maximum Health of your Imp, Voidwalker, Succubus, and Felhunter by $s1%.","","","","","","","","","","","","","","","","16712190","","","","","","","","","","","","","","","","","16712188","0","0","0","0","5","0","0","0","0","0","0","0","1","0","0","0","0","0","0","0","0","1","0","0","0","0","0","0","0","0"
"18751","0","0","0","464","0","0","0","0","0","0","0","0","0","0","0","0","0","0","0","0","0","0","0","0","0","0","0","1","0","0","0","0","0","0","101","0","0","0","0","21","0","0","0","0","0","1","0","0","0","0","0","0","0","0","0","0","0","0","0","0","0","0","0","0","0","0","0","-1","0","0","6","0","0","1","0","0","0","0","0","11","0","0","0","0","0","1","0","0","0","0","0","0","0","0","107","0","0","0","0","0","0","0","0","0","0","0","0","0","0","8","0","0","0","0","0","0","0","0","0","0","0","134217728","0","0","0","0","0","0","0","0","0","0","207","0","0","Fel Stamina","","","","","","","","","","","","","","","","16712190","Rank 4","","","","","","","","","","","","","","","","16712190","Increases the maximum Health of your Imp, Voidwalker, Succubus, and Felhunter by $s1%.","","","","","","","","","","","","","","","","16712190","","","","","","","","","","","","","","","","","16712188","0","0","0","0","5","0","0","0","0","0","0","0","1","0","0","0","0","0","0","0","0","1","0","0","0","0","0","0","0","0"
"18752","0","0","0","464","0","0","0","0","0","0","0","0","0","0","0","0","0","0","0","0","0","0","0","0","0","0","0","1","0","0","0","0","0","0","101","0","0","0","0","21","0","0","0","0","0","1","0","0","0","0","0","0","0","0","0","0","0","0","0","0","0","0","0","0","0","0","0","-1","0","0","6","0","0","1","0","0","0","0","0","14","0","0","0","0","0","1","0","0","0","0","0","0","0","0","107","0","0","0","0","0","0","0","0","0","0","0","0","0","0","8","0","0","0","0","0","0","0","0","0","0","0","134217728","0","0","0","0","0","0","0","0","0","0","207","0","0","Fel Stamina","","","","","","","","","","","","","","","","16712190","Rank 5","","","","","","","","","","","","","","","","16712190","Increases the maximum Health of your Imp, Voidwalker, Succubus, and Felhunter by $s1%.","","","","","","","","","","","","","","","","16712190","","","","","","","","","","","","","","","","","16712188","0","0","0","0","5","0","0","0","0","0","0","0","1","0","0","0","0","0","0","0","0","1","0","0","0","0","0","0","0","0"
"18821","0","0","0","464","0","0","0","0","0","0","0","0","0","0","0","0","0","0","0","0","0","0","0","0","0","0","0","1","0","0","0","0","0","0","101","0","0","0","0","21","0","0","0","0","0","1","0","0","0","0","0","0","0","0","0","0","0","0","0","0","0","0","0","0","0","0","0","-1","0","0","6","6","6","1","1","1","0","0","0","1","1","1","0","0","0","1","1","1","0","0","0","0","0","0","107","107","107","0","0","0","0","0","0","0","0","0","0","0","0","23","24","16","0","0","0","0","0","0","0","0","0","2048","2048","2048","0","0","0","0","0","0","0","0","1500","0","0","Improved Enslave Demon","","","","","","","","","","","","","","","","16712190","Rank 1","","","","","","","","","","","","","","","","16712190","Reduces the Attack Speed and Casting Speed penalty of your Enslave Demon spell by $s1% and reduces the resist chance by $s3%.","","","","","","","","","","","","","","","","16712190","","","","","","","","","","","","","","","","","16712188","0","0","0","0","5","0","0","0","0","0","0","0","1","1","1","0","0","0","0","0","0","1","0","0","0","0","0","0","0","0"
"18822","0","0","0","464","0","0","0","0","0","0","0","0","0","0","0","0","0","0","0","0","0","0","0","0","0","0","0","1","0","0","0","0","0","0","101","0","0","0","0","21","0","0","0","0","0","1","0","0","0","0","0","0","0","0","0","0","0","0","0","0","0","0","0","0","0","0","0","-1","0","0","6","6","6","1","1","1","0","0","0","3","3","3","0","0","0","1","1","1","0","0","0","0","0","0","107","107","107","0","0","0","0","0","0","0","0","0","0","0","0","23","24","16","0","0","0","0","0","0","0","0","0","2048","2048","2048","0","0","0","0","0","0","0","0","1500","0","0","Improved Enslave Demon","","","","","","","","","","","","","","","","16712190","Rank 2","","","","","","","","","","","","","","","","16712190","Reduces the Attack Speed and Casting Speed penalty of your Enslave Demon spell by $s1% and reduces the resist chance by $s3%.","","","","","","","","","","","","","","","","16712190","","","","","","","","","","","","","","","","","16712188","0","0","0","0","5","0","0","0","0","0","0","0","1","1","1","0","0","0","0","0","0","1","0","0","0","0","0","0","0","0"
"18823","0","0","0","464","0","0","0","0","0","0","0","0","0","0","0","0","0","0","0","0","0","0","0","0","0","0","0","1","0","0","0","0","0","0","101","0","0","0","0","21","0","0","0","0","0","1","0","0","0","0","0","0","0","0","0","0","0","0","0","0","0","0","0","0","0","0","0","-1","0","0","6","6","6","1","1","1","0","0","0","5","5","5","0","0","0","1","1","1","0","0","0","0","0","0","107","107","107","0","0","0","0","0","0","0","0","0","0","0","0","23","24","16","0","0","0","0","0","0","0","0","0","2048","2048","2048","0","0","0","0","0","0","0","0","1500","0","0","Improved Enslave Demon","","","","","","","","","","","","","","","","16712190","Rank 3","","","","","","","","","","","","","","","","16712190","Reduces the Attack Speed and Casting Speed penalty of your Enslave Demon spell by $s1% and reduces the resist chance by $s3%.","","","","","","","","","","","","","","","","16712190","","","","","","","","","","","","","","","","","16712188","0","0","0","0","5","0","0","0","0","0","0","0","1","1","1","0","0","0","0","0","0","1","0","0","0","0","0","0","0","0"
"18824","0","0","0","464","0","0","0","0","0","0","0","0","0","0","0","0","0","0","0","0","0","0","0","0","0","0","0","1","0","0","0","0","0","0","101","0","0","0","0","21","0","0","0","0","0","1","0","0","0","0","0","0","0","0","0","0","0","0","0","0","0","0","0","0","0","0","0","-1","0","0","6","6","6","1","1","1","0","0","0","7","7","7","0","0","0","1","1","1","0","0","0","0","0","0","107","107","107","0","0","0","0","0","0","0","0","0","0","0","0","23","24","16","0","0","0","0","0","0","0","0","0","2048","2048","2048","0","0","0","0","0","0","0","0","1500","0","0","Improved Enslave Demon","","","","","","","","","","","","","","","","16712190","Rank 4","","","","","","","","","","","","","","","","16712190","Reduces the Attack Speed and Casting Speed penalty of your Enslave Demon spell by $s1% and reduces the resist chance by $s3%.","","","","","","","","","","","","","","","","16712190","","","","","","","","","","","","","","","","","16712188","0","0","0","0","5","0","0","0","0","0","0","0","1","1","1","0","0","0","0","0","0","1","0","0","0","0","0","0","0","0"
"18825","0","0","0","464","0","0","0","0","0","0","0","0","0","0","0","0","0","0","0","0","0","0","0","0","0","0","0","1","0","0","0","0","0","0","101","0","0","0","0","21","0","0","0","0","0","1","0","0","0","0","0","0","0","0","0","0","0","0","0","0","0","0","0","0","0","0","0","-1","0","0","6","6","6","1","1","1","0","0","0","9","9","9","0","0","0","1","1","1","0","0","0","0","0","0","107","107","107","0","0","0","0","0","0","0","0","0","0","0","0","23","24","16","0","0","0","0","0","0","0","0","0","2048","2048","2048","0","0","0","0","0","0","0","0","1500","0","0","Improved Enslave Demon","","","","","","","","","","","","","","","","16712190","Rank 5","","","","","","","","","","","","","","","","16712190","Reduces the Attack Speed and Casting Speed penalty of your Enslave Demon spell by $s1% and reduces the resist chance by $s3%.","","","","","","","","","","","","","","","","16712190","","","","","","","","","","","","","","","","","16712188","0","0","0","0","5","0","0","0","0","0","0","0","1","1","1","0","0","0","0","0","0","1","0","0","0","0","0","0","0","0"
"18774","0","0","0","464","0","0","0","0","0","0","0","0","0","0","0","0","0","0","0","0","0","0","0","0","0","0","0","1","0","0","0","0","0","0","101","0","0","0","0","21","0","0","0","0","0","1","0","0","0","0","0","0","0","0","0","0","0","0","0","0","0","0","0","0","0","0","0","-1","0","0","6","0","0","1","0","0","0","0","0","14","0","0","0","0","0","1","0","0","0","0","0","0","0","0","108","0","0","0","0","0","0","0","0","0","0","0","0","0","0","8","0","0","0","0","0","0","0","0","0","0","0","131072","0","0","0","0","0","0","0","0","0","0","344","0","0","Improved Spellstone","","","","","","","","","","","","","","","","16712190","Rank 1","","","","","","","","","","","","","","","","16712190","Increases the amount of damage absorbed by your Spellstone by $s1%.","","","","","","","","","","","","","","","","16712190","","","","","","","","","","","","","","","","","16712188","0","0","0","0","5","0","0","0","0","0","0","0","1","0","0","0","0","0","0","0","0","1","0","0","0","0","0","0","0","0"
"18775","0","0","0","464","0","0","0","0","0","0","0","0","0","0","0","0","0","0","0","0","0","0","0","0","0","0","0","1","0","0","0","0","0","0","101","0","0","0","0","21","0","0","0","0","0","1","0","0","0","0","0","0","0","0","0","0","0","0","0","0","0","0","0","0","0","0","0","-1","0","0","6","0","0","1","0","0","0","0","0","29","0","0","0","0","0","1","0","0","0","0","0","0","0","0","108","0","0","0","0","0","0","0","0","0","0","0","0","0","0","8","0","0","0","0","0","0","0","0","0","0","0","131072","0","0","0","0","0","0","0","0","0","0","344","0","0","Improved Spellstone","","","","","","","","","","","","","","","","16712190","Rank 2","","","","","","","","","","","","","","","","16712190","Increases the amount of damage absorbed by your Spellstone by $s1%.","","","","","","","","","","","","","","","","16712190","","","","","","","","","","","","","","","","","16712188","0","0","0","0","5","0","0","0","0","0","0","0","1","0","0","0","0","0","0","0","0","1","0","0","0","0","0","0","0","0"
"19596","0","0","0","33232","0","0","0","0","0","0","0","0","0","0","0","0","0","0","0","0","0","0","0","0","0","0","0","1","0","0","0","0","0","0","101","0","0","0","0","21","0","0","0","0","0","1","0","0","0","0","0","0","0","0","0","0","0","0","0","0","0","0","0","0","0","0","0","-1","0","0","6","0","0","1","0","0","0","0","0","29","0","0","0","0","0","1","0","0","0","0","0","0","0","0","107","0","0","0","0","0","0","0","0","0","0","0","0","0","0","8","0","0","0","0","0","0","0","0","0","0","0","268435456","0","0","0","0","0","0","0","0","0","0","959","0","0","Bestial Swiftness","","","","","","","","","","","","","","","","16712190","","","","","","","","","","","","","","","","","16712188","Increases the outdoor movement speed of your pets by $s1%.","","","","","","","","","","","","","","","","16712190","","","","","","","","","","","","","","","","","16712188","0","0","0","0","9","0","0","0","0","0","0","0","1","0","0","0","0","0","0","0","0","1","0","0","0","0","0","0","0","0"
"24293","0","0","0","464","0","0","0","0","0","0","0","0","0","0","0","0","0","0","0","0","0","0","0","0","0","0","0","1","0","0","0","0","0","0","101","0","0","0","0","21","0","0","0","0","0","1","0","0","0","0","0","0","0","0","0","0","0","0","0","0","0","0","0","0","0","0","0","-1","0","0","6","6","0","1","1","0","0","0","0","0","0","0","0","0","0","1","1","0","0","0","0","0","0","0","168","169","0","0","0","0","0","0","0","0","0","0","0","0","0","19","19","0","0","0","0","0","0","0","0","0","0","0","0","0","0","0","0","0","0","0","0","0","1699","0","0","Monster Slaying","","","","","","","","","","","","","","","","16712190","Rank 1","","","","","","","","","","","","","","","","16712190","Increases all damage caused against Beasts, Giants and Dragonkin targets by $s1% and increases critical damage caused against Beasts, Giants and Dragonkin targets by an additional $s2%.","","","","","","","","","","","","","","","","16712190","","","","","","","","","","","","","","","","","16712188","0","0","0","0","0","0","0","0","0","0","0","0","1","1","0","0","0","0","0","0","0","1","0","0","0","0","0","0","0","0"
"24294","0","0","0","464","0","0","0","0","0","0","0","0","0","0","0","0","0","0","0","0","0","0","0","0","0","0","0","1","0","0","0","0","0","0","101","0","0","0","0","21","0","0","0","0","0","1","0","0","0","0","0","0","0","0","0","0","0","0","0","0","0","0","0","0","0","0","0","-1","0","0","6","6","0","1","1","0","0","0","0","1","1","0","0","0","0","1","1","0","0","0","0","0","0","0","168","169","0","0","0","0","0","0","0","0","0","0","0","0","0","19","19","0","0","0","0","0","0","0","0","0","0","0","0","0","0","0","0","0","0","0","0","0","1699","0","0","Monster Slaying","","","","","","","","","","","","","","","","16712190","Rank 2","","","","","","","","","","","","","","","","16712190","Increases all damage caused against Beasts, Giants and Dragonkin targets by $s1% and increases critical damage caused against Beasts, Giants and Dragonkin targets by an additional $s2%.","","","","","","","","","","","","","","","","16712190","","","","","","","","","","","","","","","","","16712188","0","0","0","0","0","0","0","0","0","0","0","0","1","1","0","0","0","0","0","0","0","1","0","0","0","0","0","0","0","0"
"24295","0","0","0","464","0","0","0","0","0","0","0","0","0","0","0","0","0","0","0","0","0","0","0","0","0","0","0","1","0","0","0","0","0","0","101","0","0","0","0","21","0","0","0","0","0","1","0","0","0","0","0","0","0","0","0","0","0","0","0","0","0","0","0","0","0","0","0","-1","0","0","6","6","0","1","1","0","0","0","0","2","2","0","0","0","0","1","1","0","0","0","0","0","0","0","168","169","0","0","0","0","0","0","0","0","0","0","0","0","0","19","19","0","0","0","0","0","0","0","0","0","0","0","0","0","0","0","0","0","0","0","0","0","1699","0","0","Monster Slaying","","","","","","","","","","","","","","","","16712190","Rank 3","","","","","","","","","","","","","","","","16712190","Increases all damage caused against Beasts, Giants and Dragonkin targets by $s1% and increases critical damage caused against Beasts, Giants and Dragonkin targets by an additional $s2%.","","","","","","","","","","","","","","","","16712190","","","","","","","","","","","","","","","","","16712188","0","0","0","0","0","0","0","0","0","0","0","0","1","1","0","0","0","0","0","0","0","1","0","0","0","0","0","0","0","0"
"19151","0","0","0","464","0","0","0","0","0","0","0","0","0","0","0","0","0","0","0","0","0","0","0","0","0","0","0","1","0","0","0","0","0","0","101","0","0","0","0","21","0","0","0","0","0","1","0","0","0","0","0","0","0","0","0","0","0","0","0","0","0","0","0","0","0","0","0","-1","0","0","6","6","0","1","1","0","0","0","0","0","0","0","0","0","0","1","1","0","0","0","0","0","0","0","168","169","0","0","0","0","0","0","0","0","0","0","0","0","0","64","64","0","0","0","0","0","0","0","0","0","0","0","0","0","0","0","0","0","0","0","0","0","316","0","0","Humanoid Slaying","","","","","","","","","","","","","","","","16712190","Rank 1","","","","","","","","","","","","","","","","16712190","Increases all damage caused against Humanoid targets by $s1% and increases critical damage caused against Humanoid targets by an additional $s2%.","","","","","","","","","","","","","","","","16712190","","","","","","","","","","","","","","","","","16712188","0","0","0","0","0","0","0","0","0","0","0","0","1","1","0","0","0","0","0","0","0","1","0","0","0","0","0","0","0","0"
"19152","0","0","0","464","0","0","0","0","0","0","0","0","0","0","0","0","0","0","0","0","0","0","0","0","0","0","0","1","0","0","0","0","0","0","101","0","0","0","0","21","0","0","0","0","0","1","0","0","0","0","0","0","0","0","0","0","0","0","0","0","0","0","0","0","0","0","0","-1","0","0","6","6","0","1","1","0","0","0","0","1","1","0","0","0","0","1","1","0","0","0","0","0","0","0","168","169","0","0","0","0","0","0","0","0","0","0","0","0","0","64","64","0","0","0","0","0","0","0","0","0","0","0","0","0","0","0","0","0","0","0","0","0","316","0","0","Humanoid Slaying","","","","","","","","","","","","","","","","16712190","Rank 2","","","","","","","","","","","","","","","","16712190","Increases all damage caused against Humanoid targets by $s1% and increases critical damage caused against Humanoid targets by an additional $s2%.","","","","","","","","","","","","","","","","16712190","","","","","","","","","","","","","","","","","16712188","0","0","0","0","0","0","0","0","0","0","0","0","1","1","0","0","0","0","0","0","0","1","0","0","0","0","0","0","0","0"
"19153","0","0","0","464","0","0","0","0","0","0","0","0","0","0","0","0","0","0","0","0","0","0","0","0","0","0","0","1","0","0","0","0","0","0","101","0","0","0","0","21","0","0","0","0","0","1","0","0","0","0","0","0","0","0","0","0","0","0","0","0","0","0","0","0","0","0","0","-1","0","0","6","6","0","1","1","0","0","0","0","2","2","0","0","0","0","1","1","0","0","0","0","0","0","0","168","169","0","0","0","0","0","0","0","0","0","0","0","0","0","64","64","0","0","0","0","0","0","0","0","0","0","0","0","0","0","0","0","0","0","0","0","0","316","0","0","Humanoid Slaying","","","","","","","","","","","","","","","","16712190","Rank 3","","","","","","","","","","","","","","","","16712190","Increases all damage caused against Humanoid targets by $s1% and increases critical damage caused against Humanoid targets by an additional $s2%.","","","","","","","","","","","","","","","","16712190","","","","","","","","","","","","","","","","","16712188","0","0","0","0","0","0","0","0","0","0","0","0","1","1","0","0","0","0","0","0","0","1","0","0","0","0","0","0","0","0"
"19228","0","0","0","464","0","0","0","0","0","0","0","0","0","0","0","0","0","0","0","0","0","0","0","0","0","0","0","1","0","0","0","0","0","87376","4","0","0","0","0","21","0","0","0","0","0","1","0","0","0","0","0","0","0","0","0","0","0","0","0","0","0","0","0","0","0","0","0","-1","0","0","6","0","0","0","0","0","0","0","0","0","0","0","0","0","0","6","0","0","0","0","0","0","0","0","42","0","0","0","0","0","0","0","0","0","0","0","0","0","0","0","0","0","0","0","0","19229","0","0","0","0","0","0","0","0","0","0","0","0","0","0","0","0","517","0","0","Improved Wing Clip","","","","","","","","","","","","","","","","16712190","Rank 1","","","","","","","","","","","","","","","","16712190","Gives your Wing Clip ability a $h% chance to immobilize the target for $19229d.","","","","","","","","","","","","","","","","16712190","","","","","","","","","","","","","","","","","16712188","0","0","0","0","9","0","0","0","0","0","0","0","1","0","0","0","0","0","0","0","0","1","0","0","0","0","0","0","0","0"
"19232","0","0","0","464","0","0","0","0","0","0","0","0","0","0","0","0","0","0","0","0","0","0","0","0","0","0","0","1","0","0","0","0","0","87376","8","0","0","0","0","21","0","0","0","0","0","1","0","0","0","0","0","0","0","0","0","0","0","0","0","0","0","0","0","0","0","0","0","-1","0","0","6","0","0","0","0","0","0","0","0","0","0","0","0","0","0","6","0","0","0","0","0","0","0","0","42","0","0","0","0","0","0","0","0","0","0","0","0","0","0","0","0","0","0","0","0","19229","0","0","0","0","0","0","0","0","0","0","0","0","0","0","0","0","517","0","0","Improved Wing Clip","","","","","","","","","","","","","","","","16712190","Rank 2","","","","","","","","","","","","","","","","16712190","Gives your Wing Clip ability a $h% chance to immobilize the target for $19229d.","","","","","","","","","","","","","","","","16712190","","","","","","","","","","","","","","","","","16712188","0","0","0","0","9","0","0","0","0","0","0","0","1","0","0","0","0","0","0","0","0","1","0","0","0","0","0","0","0","0"
"19233","0","0","0","464","0","0","0","0","0","0","0","0","0","0","0","0","0","0","0","0","0","0","0","0","0","0","0","1","0","0","0","0","0","87376","12","0","0","0","0","21","0","0","0","0","0","1","0","0","0","0","0","0","0","0","0","0","0","0","0","0","0","0","0","0","0","0","0","-1","0","0","6","0","0","0","0","0","0","0","0","0","0","0","0","0","0","6","0","0","0","0","0","0","0","0","42","0","0","0","0","0","0","0","0","0","0","0","0","0","0","0","0","0","0","0","0","19229","0","0","0","0","0","0","0","0","0","0","0","0","0","0","0","0","517","0","0","Improved Wing Clip","","","","","","","","","","","","","","","","16712190","Rank 3","","","","","","","","","","","","","","","","16712190","Gives your Wing Clip ability a $h% chance to immobilize the target for $19229d.","","","","","","","","","","","","","","","","16712190","","","","","","","","","","","","","","","","","16712188","0","0","0","0","9","0","0","0","0","0","0","0","1","0","0","0","0","0","0","0","0","1","0","0","0","0","0","0","0","0"
"19234","0","0","0","464","0","0","0","0","0","0","0","0","0","0","0","0","0","0","0","0","0","0","0","0","0","0","0","1","0","0","0","0","0","87376","16","0","0","0","0","21","0","0","0","0","0","1","0","0","0","0","0","0","0","0","0","0","0","0","0","0","0","0","0","0","0","0","0","-1","0","0","6","0","0","0","0","0","0","0","0","0","0","0","0","0","0","6","0","0","0","0","0","0","0","0","42","0","0","0","0","0","0","0","0","0","0","0","0","0","0","0","0","0","0","0","0","19229","0","0","0","0","0","0","0","0","0","0","0","0","0","0","0","0","517","0","0","Improved Wing Clip","","","","","","","","","","","","","","","","16712190","Rank 4","","","","","","","","","","","","","","","","16712190","Gives your Wing Clip ability a $h% chance to immobilize the target for $19229d.","","","","","","","","","","","","","","","","16712190","","","","","","","","","","","","","","","","","16712188","0","0","0","0","9","0","0","0","0","0","0","0","1","0","0","0","0","0","0","0","0","1","0","0","0","0","0","0","0","0"
"19235","0","0","0","464","0","0","0","0","0","0","0","0","0","0","0","0","0","0","0","0","0","0","0","0","0","0","0","1","0","0","0","0","0","87376","20","0","0","0","0","21","0","0","0","0","0","1","0","0","0","0","0","0","0","0","0","0","0","0","0","0","0","0","0","0","0","0","0","-1","0","0","6","0","0","0","0","0","0","0","0","0","0","0","0","0","0","6","0","0","0","0","0","0","0","0","42","0","0","0","0","0","0","0","0","0","0","0","0","0","0","0","0","0","0","0","0","19229","0","0","0","0","0","0","0","0","0","0","0","0","0","0","0","0","517","0","0","Improved Wing Clip","","","","","","","","","","","","","","","","16712190","Rank 5","","","","","","","","","","","","","","","","16712190","Gives your Wing Clip ability a $h% chance to immobilize the target for $19229d.","","","","","","","","","","","","","","","","16712190","","","","","","","","","","","","","","","","","16712188","0","0","0","0","9","0","0","0","0","0","0","0","1","0","0","0","0","0","0","0","0","1","0","0","0","0","0","0","0","0"
"19239","0","0","0","464","0","0","0","0","0","0","0","0","0","0","0","0","0","0","0","0","0","0","0","0","0","0","0","1","0","0","0","0","0","0","101","0","0","0","0","21","0","0","0","0","0","1","0","0","0","0","0","0","0","0","0","0","0","0","0","0","0","0","0","0","0","0","0","-1","0","0","6","6","0","1","1","0","0","0","0","14","14","0","0","0","0","1","1","0","0","0","0","0","0","0","108","108","0","0","0","0","0","0","0","0","0","0","0","0","0","1","8","0","0","0","0","0","0","0","0","0","0","24","4","0","0","0","0","0","0","0","0","0","58","0","0","Clever Traps","","","","","","","","","","","","","","","","16712190","Rank 1","","","","","","","","","","","","","","","","16712190","Increases the duration of Freezing and Frost trap effects by $s1% and the damage of Immolation and Explosive trap effects by $s2%.","","","","","","","","","","","","","","","","16712190","","","","","","","","","","","","","","","","","16712188","0","0","0","0","9","0","0","0","0","0","0","0","1","1","1","0","0","0","0","0","0","1","0","0","0","0","0","0","0","0"
"19245","0","0","0","464","0","0","0","0","0","0","0","0","0","0","0","0","0","0","0","0","0","0","0","0","0","0","0","1","0","0","0","0","0","0","101","0","0","0","0","21","0","0","0","0","0","1","0","0","0","0","0","0","0","0","0","0","0","0","0","0","0","0","0","0","0","0","0","-1","0","0","6","6","0","1","1","0","0","0","0","29","29","0","0","0","0","1","1","0","0","0","0","0","0","0","108","108","0","0","0","0","0","0","0","0","0","0","0","0","0","1","8","0","0","0","0","0","0","0","0","0","0","24","4","0","0","0","0","0","0","0","0","0","58","0","0","Clever Traps","","","","","","","","","","","","","","","","16712190","Rank 2","","","","","","","","","","","","","","","","16712190","Increases the duration of Freezing and Frost trap effects by $s1% and the damage of Immolation and Explosive trap effects by $s2%.","","","","","","","","","","","","","","","","16712190","","","","","","","","","","","","","","","","","16712188","0","0","0","0","9","0","0","0","0","0","0","0","1","1","0","0","0","0","0","0","0","1","0","0","0","0","0","0","0","0"
"20091","0","0","0","464","0","0","0","0","0","0","0","0","0","0","0","0","0","0","0","0","0","0","0","0","0","0","0","1","0","0","0","0","0","0","101","0","0","0","0","21","0","0","0","0","0","1","0","0","0","0","0","0","0","0","0","0","0","0","0","0","0","0","0","0","0","0","0","-1","0","0","6","0","0","1","0","0","0","0","0","24","0","0","0","0","0","1","0","0","0","0","0","0","0","0","108","0","0","0","0","0","0","0","0","0","0","0","0","0","0","8","0","0","0","0","0","0","0","0","0","0","0","8","0","0","0","0","0","0","0","0","0","0","555","0","0","Improved Retribution Aura","","","","","","","","","","","","","","","","16712190","Rank 1","","","","","","","","","","","","","","","","16712190","Increases the damage done by your Retribution Aura by $s1%.","","","","","","","","","","","","","","","","16712190","","","","","","","","","","","","","","","","","16712188","0","0","0","0","10","0","0","0","0","0","0","0","1","0","0","0","0","0","0","0","0","1","0","0","0","0","0","0","0","0"
"20092","0","0","0","464","0","0","0","0","0","0","0","0","0","0","0","0","0","0","0","0","0","0","0","0","0","0","0","1","0","0","0","0","0","0","101","0","0","0","0","21","0","0","0","0","0","1","0","0","0","0","0","0","0","0","0","0","0","0","0","0","0","0","0","0","0","0","0","-1","0","0","6","0","0","1","0","0","0","0","0","49","0","0","0","0","0","1","0","0","0","0","0","0","0","0","108","0","0","0","0","0","0","0","0","0","0","0","0","0","0","8","0","0","0","0","0","0","0","0","0","0","0","8","0","0","0","0","0","0","0","0","0","0","555","0","0","Improved Retribution Aura","","","","","","","","","","","","","","","","16712190","Rank 2","","","","","","","","","","","","","","","","16712190","Increases the damage done by your Retribution Aura by $s1%.","","","","","","","","","","","","","","","","16712190","","","","","","","","","","","","","","","","","16712188","0","0","0","0","10","0","0","0","0","0","0","0","1","0","0","0","0","0","0","0","0","1","0","0","0","0","0","0","0","0"
"20218","0","0","0","151322624","0","16","0","0","0","0","0","0","0","0","0","0","0","0","0","0","0","0","0","0","0","0","0","1","0","0","0","0","0","0","101","0","0","30","30","21","0","0","0","0","0","1","0","0","0","0","0","0","0","0","0","0","0","0","0","0","0","0","0","0","0","0","0","-1","-1","0","35","0","0","1","0","0","0","0","0","9","0","0","0","0","0","1","0","0","0","0","0","10","0","0","79","0","0","0","0","0","0","0","0","0","0","0","0","0","0","2","0","0","0","0","0","0","0","0","0","0","0","0","0","0","0","0","0","0","0","0","321","0","502","122","0","Sanctity Aura","","","","","","","","","","","","","","","","16712190","","","","","","","","","","","","","","","","","16712188","Increases Holy damage done by party members within $a1 yards by $s1%.  Players may only have one Aura on them per Paladin at any one time.","","","","","","","","","","","","","","","","16712190","Increases Holy damage done by $s1%.","","","","","","","","","","","","","","","","16712190","0","133","1500","0","10","67108864","0","0","0","1","1","6","1","1","1","0","0","0","0","0","0","2","0","0","0","0","0","0","0","0"
"20189","0","0","0","464","0","0","0","0","0","0","0","0","0","0","0","0","0","0","0","0","0","0","0","0","0","0","0","1","0","0","0","0","0","0","101","0","0","0","0","21","0","0","0","0","0","1","0","0","0","0","0","0","0","0","0","0","0","0","0","0","0","0","0","0","0","0","0","2","165363","0","6","0","0","1","0","0","0","0","0","0","0","0","0","0","0","1","0","0","0","0","0","0","0","0","54","0","0","0","0","0","0","0","0","0","0","0","0","0","0","0","0","0","0","0","0","0","0","0","0","0","0","0","0","0","0","0","0","0","0","0","0","0","856","0","0","Precision","","","","","","","","","","","","","","","","16712190","Rank 1","","","","","","","","","","","","","","","","16712190","Increases your chance to hit with melee weapons by $s1%.","","","","","","","","","","","","","","","","16712190","","","","","","","","","","","","","","","","","16712188","0","0","0","0","0","0","0","0","0","0","0","0","1","0","0","0","0","0","0","0","0","1","0","0","0","0","0","0","0","0"
"20192","0","0","0","464","0","0","0","0","0","0","0","0","0","0","0","0","0","0","0","0","0","0","0","0","0","0","0","1","0","0","0","0","0","0","101","0","0","0","0","21","0","0","0","0","0","1","0","0","0","0","0","0","0","0","0","0","0","0","0","0","0","0","0","0","0","0","0","2","165363","0","6","0","0","1","0","0","0","0","0","1","0","0","0","0","0","1","0","0","0","0","0","0","0","0","54","0","0","0","0","0","0","0","0","0","0","0","0","0","0","0","0","0","0","0","0","0","0","0","0","0","0","0","0","0","0","0","0","0","0","0","0","0","856","0","0","Precision","","","","","","","","","","","","","","","","16712190","Rank 2","","","","","","","","","","","","","","","","16712190","Increases your chance to hit with melee weapons by $s1%.","","","","","","","","","","","","","","","","16712190","","","","","","","","","","","","","","","","","16712188","0","0","0","0","0","0","0","0","0","0","0","0","1","0","0","0","0","0","0","0","0","1","0","0","0","0","0","0","0","0"
"20193","0","0","0","464","0","0","0","0","0","0","0","0","0","0","0","0","0","0","0","0","0","0","0","0","0","0","0","1","0","0","0","0","0","0","101","0","0","0","0","21","0","0","0","0","0","1","0","0","0","0","0","0","0","0","0","0","0","0","0","0","0","0","0","0","0","0","0","2","165363","0","6","0","0","1","0","0","0","0","0","2","0","0","0","0","0","1","0","0","0","0","0","0","0","0","54","0","0","0","0","0","0","0","0","0","0","0","0","0","0","0","0","0","0","0","0","0","0","0","0","0","0","0","0","0","0","0","0","0","0","0","0","0","856","0","0","Precision","","","","","","","","","","","","","","","","16712190","Rank 3","","","","","","","","","","","","","","","","16712190","Increases your chance to hit with melee weapons by $s1%.","","","","","","","","","","","","","","","","16712190","","","","","","","","","","","","","","","","","16712188","0","0","0","0","0","0","0","0","0","0","0","0","1","0","0","0","0","0","0","0","0","1","0","0","0","0","0","0","0","0"
"20148","0","0","0","464","0","0","0","0","0","0","0","0","0","0","0","0","0","0","0","0","0","0","0","0","0","0","0","1","0","0","0","0","0","0","101","0","0","0","1","21","0","0","0","0","0","1","0","0","0","0","0","0","0","0","0","0","0","0","0","0","0","0","0","0","0","0","0","-1","-1","0","6","0","0","1","0","0","0","0","0","9","0","0","0","0","0","1","0","0","0","0","0","0","0","0","150","0","0","0","0","0","0","0","0","0","0","0","0","0","0","0","0","0","0","0","0","0","0","0","0","0","0","0","0","0","0","0","0","0","0","0","0","0","1463","0","50","Shield Specialization","","","","","","","","","","","","","","","","16712190","Rank 1","","","","","","","","","","","","","","","","16712190","Increases the amount of damage absorbed by your shield by $s1%.","","","","","","","","","","","","","","","","16712190","","","","","","","","","","","","","","","","","16712188","0","0","0","0","0","0","0","0","0","0","0","0","1","1","1","0","0","0","0","0","0","1","0","0","0","0","0","0","0","0"
"20149","0","0","0","464","0","0","0","0","0","0","0","0","0","0","0","0","0","0","0","0","0","0","0","0","0","0","0","1","0","0","0","0","0","0","101","0","0","0","1","21","0","0","0","0","0","1","0","0","0","0","0","0","0","0","0","0","0","0","0","0","0","0","0","0","0","0","0","-1","-1","0","6","0","0","1","0","0","0","0","0","19","0","0","0","0","0","1","0","0","0","0","0","0","0","0","150","0","0","0","0","0","0","0","0","0","0","0","0","0","0","0","0","0","0","0","0","0","0","0","0","0","0","0","0","0","0","0","0","0","0","0","0","0","1463","0","50","Shield Specialization","","","","","","","","","","","","","","","","16712190","Rank 2","","","","","","","","","","","","","","","","16712190","Increases the amount of damage absorbed by your shield by $s1%.","","","","","","","","","","","","","","","","16712190","","","","","","","","","","","","","","","","","16712188","0","0","0","0","0","0","0","0","0","0","0","0","1","1","1","0","0","0","0","0","0","1","0","0","0","0","0","0","0","0"
"20150","0","0","0","464","0","0","0","0","0","0","0","0","0","0","0","0","0","0","0","0","0","0","0","0","0","0","0","1","0","0","0","0","0","0","101","0","0","0","1","21","0","0","0","0","0","1","0","0","0","0","0","0","0","0","0","0","0","0","0","0","0","0","0","0","0","0","0","-1","-1","0","6","0","0","1","0","0","0","0","0","29","0","0","0","0","0","1","0","0","0","0","0","0","0","0","150","0","0","0","0","0","0","0","0","0","0","0","0","0","0","0","0","0","0","0","0","0","0","0","0","0","0","0","0","0","0","0","0","0","0","0","0","0","1463","0","50","Shield Specialization","","","","","","","","","","","","","","","","16712190","Rank 3","","","","","","","","","","","","","","","","16712190","Increases the amount of damage absorbed by your shield by $s1%.","","","","","","","","","","","","","","","","16712190","","","","","","","","","","","","","","","","","16712188","0","0","0","0","0","0","0","0","0","0","0","0","1","1","1","0","0","0","0","0","0","1","0","0","0","0","0","0","0","0"
"17080","0","0","0","384","0","0","0","0","0","0","0","0","0","0","0","0","0","0","0","0","0","0","0","0","0","0","0","1","0","0","0","0","0","0","101","0","0","0","0","0","0","0","0","0","0","1","0","0","0","0","0","0","0","0","0","0","0","0","0","0","0","0","0","0","0","0","0","-1","0","0","30","0","0","1","0","0","0","0","0","49","0","0","0","0","0","1","0","0","0","0","0","0","0","0","0","0","0","0","0","0","0","0","0","0","0","0","0","0","0","1","0","0","0","0","0","0","0","0","0","0","0","0","0","0","0","0","0","0","0","0","0","0","961","0","0","Improved Enrage","","","","","","","","","","","","","","","","16712190","Rank 1","","","","","","","","","","","","","","","","16712190","","","","","","","","","","","","","","","","","16712188","","","","","","","","","","","","","","","","","16712188","0","0","0","0","0","0","0","0","0","0","0","0","1","1","0","0","0","0","0","0","0","1","0","0","0","0","0","0","0","0"
"15269","0","1","12","0","136","0","0","0","0","0","0","0","0","0","0","0","0","0","0","0","0","0","0","0","0","0","0","1","0","0","0","0","0","0","101","0","0","0","0","27","0","0","0","0","0","6","0","0","0","0","0","0","0","0","0","0","0","0","0","0","0","0","0","0","0","0","0","-1","0","0","6","0","0","0","0","0","0","0","0","0","0","0","0","0","0","6","0","0","0","0","0","0","0","0","12","0","0","0","0","0","0","0","0","0","0","0","0","0","0","0","0","0","0","0","0","0","0","0","0","0","0","0","0","0","0","0","0","0","0","0","2816","0","173","0","0","Blackout","","","","","","","","","","","","","","","","16712190","Rank 1","","","","","","","","","","","","","","","","16712190","","","","","","","","","","","","","","","","","16712188","Stunned.","","","","","","","","","","","","","","","","16712190","0","0","0","0","0","0","0","0","0","1","0","0","1","0","0","0","0","0","0","0","0","32","0","0","0","0","0","0","0","0"
"19229","0","0","7","0","0","0","0","0","0","0","0","0","0","0","0","0","0","0","0","0","0","0","0","0","0","0","0","1","0","0","0","0","0","0","101","0","0","0","0","28","0","0","0","0","0","13","0","0","0","0","0","0","0","0","0","0","0","0","0","0","0","0","0","0","0","0","0","-1","0","0","6","0","0","0","0","0","0","0","0","0","0","0","0","0","0","6","0","0","0","0","0","0","0","0","26","0","0","0","0","0","0","0","0","0","0","0","0","0","0","0","0","0","0","0","0","0","0","0","0","0","0","0","0","0","0","0","0","0","0","0","5288","0","517","0","0","Improved Wing Clip","","","","","","","","","","","","","","","","16712190","","","","","","","","","","","","","","","","","16712188","","","","","","","","","","","","","","","","","16712188","Immobilized.","","","","","","","","","","","","","","","","16712190","0","0","0","0","0","0","0","0","0","0","2","0","1","0","0","0","0","0","0","0","0","1","0","0","0","0","0","0","0","0"
"29063","0","1","0","0","0","0","0","0","0","0","0","0","0","0","0","0","0","0","0","0","0","0","0","0","0","0","0","1","0","0","0","0","0","0","101","0","0","0","0","32","0","0","0","0","0","1","0","0","0","0","0","0","0","0","0","0","0","0","0","0","0","0","0","0","0","0","0","-1","0","0","6","0","0","1","0","0","0","0","0","99","0","0","0","0","0","1","0","0","0","0","0","0","0","0","108","0","0","0","0","0","0","0","0","0","0","0","0","0","0","9","0","0","0","0","0","0","0","0","0","0","0","0","0","0","0","0","0","0","0","0","7646","0","1499","0","0","Focused Casting","","","","","","","","","","","","","","","","16712190","","","","","","","","","","","","","","","","","16712188","When cast, you no longer lose casting time due to taking damage.  Lasts $d.","","","","","","","","","","","","","","","","16712190","Cannot lose casting time from taking damage.","","","","","","","","","","","","","","","","16712190","0","0","0","0","11","0","0","0","0","1","1","0","1","1","0","0","0","0","0","0","0","2","0","0","0","0","0","0","0","0"
"12328","0","0","0","201588752","98304","0","0","0","0","0","0","0","0","0","0","0","0","0","0","0","0","0","0","0","0","0","0","1","180000","0","0","0","0","0","101","0","0","0","1","9","1","100","0","0","0","1","0","0","0","0","0","0","0","0","0","0","0","0","0","0","0","0","0","0","0","0","0","-1","0","0","6","6","6","1","1","1","0","0","0","19","99","-21","0","0","0","1","1","1","0","0","0","0","0","0","79","77","101","0","0","0","0","0","0","0","0","0","0","0","0","1","5","127","0","0","0","0","0","0","0","0","0","0","0","0","0","0","0","0","0","0","4599","0","169","0","50","Death Wish","","","","","","","","","","","","","","","","16712190","","","","","","","","","","","","","","","","","16712188","When activated, increases your physical damage by $s1% and makes you immune to Fear effects, but lowers your armor and all resistances by $s3%.  Lasts $d.","","","","","","","","","","","","","","","","16712190","Increases physical damage by $s1%.  Reduces armor and all resistances by $s3%.  Immune to Fear effects.","","","","","","","","","","","","","","","","16712190","0","133","1500","0","0","0","0","0","0","0","0","0","1","1","1","0","0","0","0","0","0","1","0","0","0","0","0","0","0","0"
"11958","37","0","13","327680","32768","2097152","0","0","0","0","0","0","0","0","0","0","0","0","0","0","0","0","0","0","0","0","0","1","0","300000","0","0","0","0","101","0","0","4","4","1","0","15","0","0","0","1","0","0","0","0","0","0","0","0","0","0","0","0","0","0","0","0","0","0","0","0","0","-1","-1","0","6","6","6","1","1","0","0","0","0","-1","-1","0","0","0","0","1","1","1","0","0","0","0","0","0","12","39","39","0","0","0","0","0","0","0","0","0","0","0","0","0","1","126","0","0","0","0","0","0","0","0","0","0","0","0","0","0","0","0","0","0","4325","0","14","122","0","Ice Block","","","","","","","","","","","","","","","","16712190","","","","","","","","","","","","","","","","","16712188","You become encased in a block of ice, protecting you from all physical attacks and spells for $d, but during that time you cannot attack, move or cast spells.","","","","","","","","","","","","","","","","16712190","Immune to all attacks and spells.  Cannot attack, move or use spells.","","","","","","","","","","","","","","","","16712190","0","133","1500","0","3","524288","0","0","0","1","1","0","1","1","1","0","0","0","0","0","0","16","0","0","0","0","0","0","0","0"
"12472","0","0","0","327680","0","0","0","0","0","0","0","0","0","0","0","0","0","0","0","0","0","0","0","0","0","0","0","1","600000","0","12","0","0","0","101","0","0","0","1","0","0","0","0","0","0","1","0","0","0","0","0","0","0","0","0","0","0","0","0","0","0","0","0","0","0","0","0","-1","-1","0","3","0","0","0","0","0","0","0","0","0","0","0","0","0","0","1","0","0","0","0","0","0","0","0","0","0","0","0","0","0","0","0","0","0","0","0","0","0","0","0","0","0","0","0","0","0","0","0","0","0","0","0","0","0","0","0","0","0","0","0","2760","0","133","0","50","Cold Snap","","","","","","","","","","","","","","","","16712190","","","","","","","","","","","","","","","","","16712188","When activated, this spell finishes the cooldown on all of your Frost spells.","","","","","","","","","","","","","","","","16712190","","","","","","","","","","","","","","","","","16712188","0","0","0","0","3","0","0","0","0","1","1","0","1","1","1","0","0","0","0","0","0","1","0","0","0","0","0","0","0","0"
