"ID","Category","DispelType","Mechanic","Attributes","AttributesEx","AttributesExB","AttributesExC","AttributesExD","AttributesExE","AttributesExF","AttributesExG","Stances","unk_320_2","StancesNot","unk_320_3","Targets","TargetCreatureType","RequiresSpellFocus","FacingCasterFlags","CasterAuraState","TargetAuraState","ExcludeCasterAuraState","ExcludeTargetAuraState","CasterAuraSpell","TargetAuraSpell","ExcludeCasterAuraSpell","ExcludeTargetAuraSpell","CastingTimeIndex","RecoveryTime","CategoryRecoveryTime","InterruptFlags","AuraInterruptFlags","ChannelInterruptFlags","ProcTypeMask","ProcChance","ProcCharges","MaxLevel","BaseLevel","SpellLevel","DurationIndex","PowerType","ManaCost","ManaCostPerLevel","ManaPerSecond","ManaPerSecondPerLevel","RangeIndex","Speed","ModalNextSpell","CumulativeAura","Totem_1","Totem_2","Reagent_1","Reagent_2","Reagent_3","Reagent_4","Reagent_5","Reagent_6","Reagent_7","Reagent_8","ReagentCount_1","ReagentCount_2","ReagentCount_3","ReagentCount_4","ReagentCount_5","ReagentCount_6","ReagentCount_7","ReagentCount_8","EquippedItemClass","EquippedItemSubclass","EquippedItemInvTypes","Effect_1","Effect_2","Effect_3","EffectDieSides_1","EffectDieSides_2","EffectDieSides_3","EffectRealPointsPerLevel_1","EffectRealPointsPerLevel_2","EffectRealPointsPerLevel_3","EffectBasePoints_1","EffectBasePoints_2","EffectBasePoints_3","EffectMechanic_1","EffectMechanic_2","EffectMechanic_3","ImplicitTargetA_1","ImplicitTargetA_2","ImplicitTargetA_3","ImplicitTargetB_1","ImplicitTargetB_2","ImplicitTargetB_3","EffectRadiusIndex_1","EffectRadiusIndex_2","EffectRadiusIndex_3","EffectAura_1","EffectAura_2","EffectAura_3","EffectAuraPeriod_1","EffectAuraPeriod_2","EffectAuraPeriod_3","EffectMultipleValue_1","EffectMultipleValue_2","EffectMultipleValue_3","EffectChainTargets_1","EffectChainTargets_2","EffectChainTargets_3","EffectItemType_1","EffectItemType_2","EffectItemType_3","EffectMiscValue_1","EffectMiscValue_2","EffectMiscValue_3","EffectMiscValueB_1","EffectMiscValueB_2","EffectMiscValueB_3","EffectTriggerSpell_1","EffectTriggerSpell_2","EffectTriggerSpell_3","EffectPointsPerCombo_1","EffectPointsPerCombo_2","EffectPointsPerCombo_3","EffectSpellClassMaskA_1","EffectSpellClassMaskA_2","EffectSpellClassMaskA_3","EffectSpellClassMaskB_1","EffectSpellClassMaskB_2","EffectSpellClassMaskB_3","EffectSpellClassMaskC_1","EffectSpellClassMaskC_2","EffectSpellClassMaskC_3","SpellVisualID_1","SpellVisualID_2","SpellIconID","ActiveIconID","SpellPriority","Name_Lang_enUS","Name_Lang_koKR","Name_Lang_frFR","Name_Lang_deDE","Name_Lang_zhCN","Name_Lang_zhTW","Name_Lang_esES","Name_Lang_esMX","Name_Lang_ruRU","Name_Lang_Unk","Name_Lang_ptBR","Name_Lang_itIT","Name_Lang_Unk2","Name_Lang_Unk3","Name_Lang_Unk4","Name_Lang_Unk5","Name_Lang_Mask","NameSubtext_Lang_enUS","NameSubtext_Lang_koKR","NameSubtext_Lang_frFR","NameSubtext_Lang_deDE","NameSubtext_Lang_zhCN","NameSubtext_Lang_zhTW","NameSubtext_Lang_esES","NameSubtext_Lang_esMX","NameSubtext_Lang_ruRU","NameSubtext_Lang_Unk","NameSubtext_Lang_ptBR","NameSubtext_Lang_itIT","NameSubtext_Lang_Unk2","NameSubtext_Lang_Unk3","NameSubtext_Lang_Unk4","NameSubtext_Lang_Unk5","NameSubtext_Lang_Mask","Description_Lang_enUS","Description_Lang_koKR","Description_Lang_frFR","Description_Lang_deDE","Description_Lang_zhCN","Description_Lang_zhTW","Description_Lang_esES","Description_Lang_esMX","Description_Lang_ruRU","Description_Lang_Unk","Description_Lang_ptBR","Description_Lang_itIT","Description_Lang_Unk2","Description_Lang_Unk3","Description_Lang_Unk4","Description_Lang_Unk5","Description_Lang_Mask","AuraDescription_Lang_enUS","AuraDescription_Lang_koKR","AuraDescription_Lang_frFR","AuraDescription_Lang_deDE","AuraDescription_Lang_zhCN","AuraDescription_Lang_zhTW","AuraDescription_Lang_esES","AuraDescription_Lang_esMX","AuraDescription_Lang_ruRU","AuraDescription_Lang_Unk","AuraDescription_Lang_ptBR","AuraDescription_Lang_itIT","AuraDescription_Lang_Unk2","AuraDescription_Lang_Unk3","AuraDescription_Lang_Unk4","AuraDescription_Lang_Unk5","AuraDescription_Lang_Mask","ManaCostPct","StartRecoveryCategory","StartRecoveryTime","MaxTargetLevel","SpellClassSet","SpellClassMask_1","SpellClassMask_2","SpellClassMask_3","MaxTargets","DefenseType","PreventionType","StanceBarOrder","EffectChainAmplitude_1","EffectChainAmplitude_2","EffectChainAmplitude_3","MinFactionID","MinReputation","RequiredAuraVision","RequiredTotemCategoryID_1","RequiredTotemCategoryID_2","RequiredAreasID","SchoolMask","RuneCostID","SpellMissileID","PowerDisplayID","Field227","Field228","Field229","SpellDescriptionVariableID","SpellDifficultyID"
"11108","0","0","0","262352","0","0","0","0","0","0","0","0","0","0","0","0","0","0","0","0","0","0","0","0","0","0","0","1","0","0","0","0","0","0","101","0","0","0","1","21","0","0","0","0","0","1","0","0","0","0","0","0","0","0","0","0","0","0","0","0","0","0","0","0","0","0","0","-1","0","0","6","0","0","1","0","0","0","0","0","4","0","0","0","0","0","1","0","0","0","0","0","0","0","0","107","0","0","0","0","0","0","0","0","0","0","0","0","0","0","7","0","0","0","0","0","0","0","0","0","0","0","4","0","0","0","0","0","0","0","0","0","0","37","0","50","Improved Flamestrike","","","","","","","","","","","","","","","","16712190","Rank 1","","","","","","","","","","","","","","","","16712190","Increases the critical strike chance of your Flamestrike spell by $s1%.","","","","","","","","","","","","","","","","16712190","","","","","","","","","","","","","","","","","16711932","0","0","0","0","3","0","0","0","0","0","0","0","1","1","1","0","0","0","0","0","0","1","0","0","0","0","0","0","0","0"
"12349","0","0","0","262352","0","0","0","0","0","0","0","0","0","0","0","0","0","0","0","0","0","0","0","0","0","0","0","1","0","0","0","0","0","0","101","0","0","0","1","21","0","0","0","0","0","1","0","0","0","0","0","0","0","0","0","0","0","0","0","0","0","0","0","0","0","0","0","-1","0","0","6","0","0","1","0","0","0","0","0","9","0","0","0","0","0","1","0","0","0","0","0","0","0","0","107","0","0","0","0","0","0","0","0","0","0","0","0","0","0","7","0","0","0","0","0","0","0","0","0","0","0","4","0","0","0","0","0","0","0","0","0","0","37","0","50","Improved Flamestrike","","","","","","","","","","","","","","","","16712190","Rank 2","","","","","","","","","","","","","","","","16712190","Increases the critical strike chance of your Flamestrike spell by $s1%.","","","","","","","","","","","","","","","","16712190","","","","","","","","","","","","","","","","","16711932","0","0","0","0","3","0","0","0","0","0","0","0","1","1","1","0","0","0","0","0","0","1","0","0","0","0","0","0","0","0"
"12350","0","0","0","262352","0","0","0","0","0","0","0","0","0","0","0","0","0","0","0","0","0","0","0","0","0","0","0","1","0","0","0","0","0","0","101","0","0","0","1","21","0","0","0","0","0","1","0","0","0","0","0","0","0","0","0","0","0","0","0","0","0","0","0","0","0","0","0","-1","0","0","6","0","0","1","0","0","0","0","0","14","0","0","0","0","0","1","0","0","0","0","0","0","0","0","107","0","0","0","0","0","0","0","0","0","0","0","0","0","0","7","0","0","0","0","0","0","0","0","0","0","0","4","0","0","0","0","0","0","0","0","0","0","37","0","50","Improved Flamestrike","","","","","","","","","","","","","","","","16712190","Rank 3","","","","","","","","","","","","","","","","16712190","Increases the critical strike chance of your Flamestrike spell by $s1%.","","","","","","","","","","","","","","","","16712190","","","","","","","","","","","","","","","","","16711932","0","0","0","0","3","0","0","0","0","0","0","0","1","1","1","0","0","0","0","0","0","1","0","0","0","0","0","0","0","0"
"12472","0","1","0","327680","0","0","0","0","0","0","0","0","0","0","0","0","0","0","0","0","0","0","0","0","0","0","0","1","180000","0","8","0","0","0","101","0","0","20","20","18","0","0","0","0","0","1","0","0","0","0","0","0","0","0","0","0","0","0","0","0","0","0","0","0","0","0","0","-1","0","0","6","6","0","1","1","0","0","0","0","19","99","0","0","0","0","1","1","0","0","0","0","0","0","0","65","108","0","0","0","0","0","0","0","0","0","0","0","0","0","127","9","0","0","0","0","0","0","0","0","0","0","0","0","0","0","0","0","0","0","0","10148","0","2162","0","50","Icy Veins","","","","","","","","","","","","","","","","16712190","","","","","","","","","","","","","","","","","16711884","Hastens your spellcasting, increasing spell casting speed by $s1% and gives you $s2% chance to avoid interruption caused by damage while casting.  Lasts $d.","","","","","","","","","","","","","","","","16712190","Casting speed of all spells increased by $s1% and reduces the chance to avoid interruption caused by damage while casting by $s2%.","","","","","","","","","","","","","","","","16712190","3","0","0","0","3","0","16384","0","0","1","1","0","1","1","1","0","0","0","0","0","0","16","0","0","0","0","0","0","0","0"
"11958","0","0","0","327680","0","0","0","0","0","0","0","0","0","0","0","0","0","0","0","0","0","0","0","0","0","0","0","1","480000","0","12","0","0","0","101","0","0","30","30","0","0","0","0","0","0","1","0","0","0","0","0","0","0","0","0","0","0","0","0","0","0","0","0","0","0","0","0","-1","0","0","3","0","0","0","0","0","0","0","0","0","0","0","0","0","0","1","0","0","0","0","0","0","0","0","0","0","0","0","0","0","0","0","0","0","0","0","0","0","0","0","0","0","0","0","0","0","0","0","0","0","0","0","0","0","0","0","0","0","0","0","2760","0","133","0","50","Cold Snap","","","","","","","","","","","","","","","","16712190","","","","","","","","","","","","","","","","","16711932","When activated, this spell finishes the cooldown on all Frost spells you recently cast.","","","","","","","","","","","","","","","","16712190","","","","","","","","","","","","","","","","","16712190","0","0","0","0","3","0","4","0","0","1","1","0","1","1","1","0","0","0","0","0","0","16","0","0","0","0","0","0","0","0"
"11165","0","0","0","464","0","0","0","0","0","0","0","0","0","0","0","0","0","0","0","0","0","0","0","0","0","0","0","1","0","0","0","0","0","0","101","0","0","0","1","21","0","0","0","0","0","1","0","0","0","0","0","0","0","0","0","0","0","0","0","0","0","0","0","0","0","0","0","-1","0","0","6","0","0","1","0","0","0","0","0","-2001","0","0","0","0","0","1","0","0","0","0","0","0","0","0","107","0","0","0","0","0","0","0","0","0","0","0","0","0","0","11","0","0","0","0","0","0","0","0","0","0","0","64","0","0","0","0","0","0","0","0","0","0","56","0","50","Improved Frost Nova","","","","","","","","","","","","","","","","16712190","Rank 1","","","","","","","","","","","","","","","","16712190","Reduces the cooldown of your Frost Nova spell by $/1000;s1 sec.","","","","","","","","","","","","","","","","16712190","","","","","","","","","","","","","","","","","16711932","0","0","0","0","3","0","0","0","0","0","0","0","1","1","1","0","0","0","0","0","0","1","0","0","0","0","0","0","0","0"
"12475","0","0","0","464","0","0","0","0","0","0","0","0","0","0","0","0","0","0","0","0","0","0","0","0","0","0","0","1","0","0","0","0","0","0","101","0","0","0","1","21","0","0","0","0","0","1","0","0","0","0","0","0","0","0","0","0","0","0","0","0","0","0","0","0","0","0","0","-1","0","0","6","0","0","1","0","0","0","0","0","-4001","0","0","0","0","0","1","0","0","0","0","0","0","0","0","107","0","0","0","0","0","0","0","0","0","0","0","0","0","0","11","0","0","0","0","0","0","0","0","0","0","0","64","0","0","0","0","0","0","0","0","0","0","56","0","50","Improved Frost Nova","","","","","","","","","","","","","","","","16712190","Rank 2","","","","","","","","","","","","","","","","16712190","Reduces the cooldown of your Frost Nova spell by $/1000;s1 sec.","","","","","","","","","","","","","","","","16712190","","","","","","","","","","","","","","","","","16711932","0","0","0","0","3","0","0","0","0","0","0","0","1","1","1","0","0","0","0","0","0","1","0","0","0","0","0","0","0","0"
"6057","0","0","0","262352","0","0","0","0","0","0","0","0","0","0","0","0","0","0","0","0","0","0","0","0","0","0","0","1","0","0","0","0","0","0","101","0","0","0","0","21","0","0","0","0","0","1","0","0","0","0","0","0","0","0","0","0","0","0","0","0","0","0","0","0","0","0","0","2","524288","0","6","0","0","1","0","0","0","0","0","12","0","0","0","0","0","1","0","0","0","0","0","0","0","0","79","0","0","0","0","0","0","0","0","0","0","0","0","0","0","126","0","0","0","0","0","0","0","0","0","0","0","0","0","0","0","0","0","0","0","0","0","0","294","0","0","Wand Specialization","","","","","","","","","","","","","","","","16712190","Rank 1","","","","","","","","","","","","","","","","16712190","Increases your damage with Wands by $s1%.","","","","","","","","","","","","","","","","16712190","","","","","","","","","","","","","","","","","16711932","0","0","0","0","0","0","0","0","0","0","0","0","1","1","1","0","0","0","0","0","0","1","0","0","0","0","0","0","0","0"
"6085","0","0","0","262352","0","0","0","0","0","0","0","0","0","0","0","0","0","0","0","0","0","0","0","0","0","0","0","1","0","0","0","0","0","0","101","0","0","0","0","21","0","0","0","0","0","1","0","0","0","0","0","0","0","0","0","0","0","0","0","0","0","0","0","0","0","0","0","2","524288","0","6","0","0","1","0","0","0","0","0","24","0","0","0","0","0","1","0","0","0","0","0","0","0","0","79","0","0","0","0","0","0","0","0","0","0","0","0","0","0","126","0","0","0","0","0","0","0","0","0","0","0","0","0","0","0","0","0","0","0","0","0","0","294","0","0","Wand Specialization","","","","","","","","","","","","","","","","16712190","Rank 2","","","","","","","","","","","","","","","","16712190","Increases your damage with Wands by $s1%.","","","","","","","","","","","","","","","","16712190","","","","","","","","","","","","","","","","","16711932","0","0","0","0","0","0","0","0","0","0","0","0","1","1","1","0","0","0","0","0","0","1","0","0","0","0","0","0","0","0"
"12945","0","0","0","262352","0","0","0","0","0","0","0","0","0","0","0","0","0","0","0","0","0","0","0","0","0","0","0","1","0","0","0","0","0","0","101","0","0","0","1","21","0","0","0","0","0","1","0","0","0","0","0","0","0","0","0","0","0","0","0","0","0","0","0","0","0","0","0","-1","0","0","6","6","0","1","1","0","0","0","0","0","999","0","0","0","0","1","1","0","0","0","0","0","0","0","107","107","0","0","0","0","0","0","0","0","0","0","0","0","0","4","1","0","0","0","0","0","0","0","0","0","0","4096","0","0","0","0","0","0","0","0","0","0","28","0","50","Improved Shield Block","","","","","","","","","","","","","","","","16712190","Rank 1","","","","","","","","","","","","","","","","16712190","Allows your Shield Block ability to block an additional attack and increases the duration by $/1000;s2 second.","","","","","","","","","","","","","","","","16712190","","","","","","","","","","","","","","","","","16711932","0","0","0","0","4","0","0","0","0","0","0","0","1","1","1","0","0","0","0","0","0","1","0","0","0","0","0","0","0","0"
"12302","0","0","0","464","0","0","0","0","0","0","0","0","0","0","0","0","0","0","0","0","0","0","0","0","0","0","0","1","0","0","0","0","0","0","101","0","0","0","1","21","0","0","0","0","0","1","0","0","0","0","0","0","0","0","0","0","0","0","0","0","0","0","0","0","0","0","0","-1","0","0","6","0","0","1","0","0","0","0","0","-1001","0","0","0","0","0","1","0","0","0","0","0","0","0","0","107","0","0","0","0","0","0","0","0","0","0","0","0","0","0","11","0","0","0","0","0","0","0","0","0","0","0","32768","0","0","0","0","0","0","0","0","0","0","24","0","50","Improved Taunt","","","","","","","","","","","","","","","","16712190","Rank 1","","","","","","","","","","","","","","","","16712190","Reduces the cooldown of your Taunt ability by $/1000;s1 sec.","","","","","","","","","","","","","","","","16712190","","","","","","","","","","","","","","","","","16711932","0","0","0","0","4","0","0","0","0","0","0","0","1","1","1","0","0","0","0","0","0","1","0","0","0","0","0","0","0","0"
"12765","0","0","0","464","0","0","0","0","0","0","0","0","0","0","0","0","0","0","0","0","0","0","0","0","0","0","0","1","0","0","0","0","0","0","101","0","0","0","1","21","0","0","0","0","0","1","0","0","0","0","0","0","0","0","0","0","0","0","0","0","0","0","0","0","0","0","0","-1","0","0","6","0","0","1","0","0","0","0","0","-2001","0","0","0","0","0","1","0","0","0","0","0","0","0","0","107","0","0","0","0","0","0","0","0","0","0","0","0","0","0","11","0","0","0","0","0","0","0","0","0","0","0","32768","0","0","0","0","0","0","0","0","0","0","24","0","50","Improved Taunt","","","","","","","","","","","","","","","","16712190","Rank 2","","","","","","","","","","","","","","","","16712190","Reduces the cooldown of your Taunt ability by $/1000;s1 sec.","","","","","","","","","","","","","","","","16712190","","","","","","","","","","","","","","","","","16711932","0","0","0","0","4","0","0","0","0","0","0","0","1","1","1","0","0","0","0","0","0","1","0","0","0","0","0","0","0","0"
"13707","0","0","0","464","0","0","0","0","0","0","0","0","0","0","0","0","0","0","0","0","0","0","0","0","0","0","0","1","0","0","0","0","0","0","101","0","0","0","1","21","0","0","0","0","0","1","0","0","0","0","0","0","0","0","0","0","0","0","0","0","0","0","0","0","0","0","0","2","8192","0","6","0","0","1","0","0","0","0","0","0","0","0","0","0","0","1","0","0","0","0","0","0","0","0","52","0","0","0","0","0","0","0","0","0","0","0","0","0","0","0","0","0","0","0","0","0","0","0","0","0","0","0","0","0","0","0","0","0","0","0","0","0","756","0","50","Fist Weapon Specialization","","","","","","","","","","","","","","","","16712190","Rank 1","","","","","","","","","","","","","","","","16712190","Increases your chance to get a critical strike with Fist Weapons by $s1%.","","","","","","","","","","","","","","","","16712190","","","","","","","","","","","","","","","","","16711932","0","0","0","0","0","0","0","0","0","0","0","0","1","1","1","0","0","0","0","0","0","1","0","0","0","0","0","0","0","0"
"13966","0","0","0","464","0","0","0","0","0","0","0","0","0","0","0","0","0","0","0","0","0","0","0","0","0","0","0","1","0","0","0","0","0","0","101","0","0","0","1","21","0","0","0","0","0","1","0","0","0","0","0","0","0","0","0","0","0","0","0","0","0","0","0","0","0","0","0","2","8192","0","6","0","0","1","0","0","0","0","0","1","0","0","0","0","0","1","0","0","0","0","0","0","0","0","52","0","0","0","0","0","0","0","0","0","0","0","0","0","0","0","0","0","0","0","0","0","0","0","0","0","0","0","0","0","0","0","0","0","0","0","0","0","756","0","50","Fist Weapon Specialization","","","","","","","","","","","","","","","","16712190","Rank 2","","","","","","","","","","","","","","","","16712190","Increases your chance to get a critical strike with Fist Weapons by $s1%.","","","","","","","","","","","","","","","","16712190","","","","","","","","","","","","","","","","","16711932","0","0","0","0","0","0","0","0","0","0","0","0","1","1","1","0","0","0","0","0","0","1","0","0","0","0","0","0","0","0"
"13967","0","0","0","464","0","0","0","0","0","0","0","0","0","0","0","0","0","0","0","0","0","0","0","0","0","0","0","1","0","0","0","0","0","0","101","0","0","0","1","21","0","0","0","0","0","1","0","0","0","0","0","0","0","0","0","0","0","0","0","0","0","0","0","0","0","0","0","2","8192","0","6","0","0","1","0","0","0","0","0","2","0","0","0","0","0","1","0","0","0","0","0","0","0","0","52","0","0","0","0","0","0","0","0","0","0","0","0","0","0","0","0","0","0","0","0","0","0","0","0","0","0","0","0","0","0","0","0","0","0","0","0","0","756","0","50","Fist Weapon Specialization","","","","","","","","","","","","","","","","16712190","Rank 3","","","","","","","","","","","","","","","","16712190","Increases your chance to get a critical strike with Fist Weapons by $s1%.","","","","","","","","","","","","","","","","16712190","","","","","","","","","","","","","","","","","16711932","0","0","0","0","0","0","0","0","0","0","0","0","1","1","1","0","0","0","0","0","0","1","0","0","0","0","0","0","0","0"
"13968","0","0","0","464","0","0","0","0","0","0","0","0","0","0","0","0","0","0","0","0","0","0","0","0","0","0","0","1","0","0","0","0","0","0","101","0","0","0","1","21","0","0","0","0","0","1","0","0","0","0","0","0","0","0","0","0","0","0","0","0","0","0","0","0","0","0","0","2","8192","0","6","0","0","1","0","0","0","0","0","3","0","0","0","0","0","1","0","0","0","0","0","0","0","0","52","0","0","0","0","0","0","0","0","0","0","0","0","0","0","0","0","0","0","0","0","0","0","0","0","0","0","0","0","0","0","0","0","0","0","0","0","0","756","0","50","Fist Weapon Specialization","","","","","","","","","","","","","","","","16712190","Rank 4","","","","","","","","","","","","","","","","16712190","Increases your chance to get a critical strike with Fist Weapons by $s1%.","","","","","","","","","","","","","","","","16712190","","","","","","","","","","","","","","","","","16711932","0","0","0","0","0","0","0","0","0","0","0","0","1","1","1","0","0","0","0","0","0","1","0","0","0","0","0","0","0","0"
"13969","0","0","0","464","0","0","0","0","0","0","0","0","0","0","0","0","0","0","0","0","0","0","0","0","0","0","0","1","0","0","0","0","0","0","101","0","0","0","1","21","0","0","0","0","0","1","0","0","0","0","0","0","0","0","0","0","0","0","0","0","0","0","0","0","0","0","0","2","8192","0","6","0","0","1","0","0","0","0","0","4","0","0","0","0","0","1","0","0","0","0","0","0","0","0","52","0","0","0","0","0","0","0","0","0","0","0","0","0","0","0","0","0","0","0","0","0","0","0","0","0","0","0","0","0","0","0","0","0","0","0","0","0","756","0","50","Fist Weapon Specialization","","","","","","","","","","","","","","","","16712190","Rank 5","","","","","","","","","","","","","","","","16712190","Increases your chance to get a critical strike with Fist Weapons by $s1%.","","","","","","","","","","","","","","","","16712190","","","","","","","","","","","","","","","","","16711932","0","0","0","0","0","0","0","0","0","0","0","0","1","1","1","0","0","0","0","0","0","1","0","0","0","0","0","0","0","0"
"31233","0","0","0","464","0","0","524288","0","0","0","0","0","0","0","0","0","0","0","0","0","0","0","0","0","0","0","0","1","0","0","0","0","0","1296","100","0","0","0","1","21","0","0","0","0","0","1","0","0","0","0","0","0","0","0","0","0","0","0","0","0","0","0","0","0","0","0","0","-1","0","0","6","0","0","1","0","0","0","0","0","-1","0","0","0","0","0","1","0","0","0","0","0","0","0","0","42","0","0","0","0","0","0","0","0","0","0","0","0","0","0","0","0","0","0","0","0","31234","0","0","0","0","0","0","0","0","0","0","0","0","0","0","0","0","2112","0","50","Find Weakness","","","","","","","","","","","","","","","","16712190","Rank 1","","","","","","","","","","","","","","","","16712190","Your finishing moves increase the damage of all your offensive abilities by $31234s1% for $31234d.","","","","","","","","","","","","","","","","16712190","","","","","","","","","","","","","","","","","16711916","0","0","0","0","8","0","0","0","0","0","0","0","1","1","1","0","0","0","0","0","0","1","0","0","0","0","0","0","0","0"
"31239","0","0","0","464","0","0","524288","0","0","0","0","0","0","0","0","0","0","0","0","0","0","0","0","0","0","0","0","1","0","0","0","0","0","1296","100","0","0","0","1","21","0","0","0","0","0","1","0","0","0","0","0","0","0","0","0","0","0","0","0","0","0","0","0","0","0","0","0","-1","0","0","6","0","0","1","0","0","0","0","0","-1","0","0","0","0","0","1","0","0","0","0","0","0","0","0","42","0","0","0","0","0","0","0","0","0","0","0","0","0","0","0","0","0","0","0","0","31235","0","0","0","0","0","0","0","0","0","0","0","0","0","0","0","0","2112","0","50","Find Weakness","","","","","","","","","","","","","","","","16712190","Rank 2","","","","","","","","","","","","","","","","16712190","Your finishing moves increase the damage of all your offensive abilities by $31235s1% for $31235d.","","","","","","","","","","","","","","","","16712190","","","","","","","","","","","","","","","","","16711916","0","0","0","0","8","0","0","0","0","0","0","0","1","1","1","0","0","0","0","0","0","1","0","0","0","0","0","0","0","0"
"31240","0","0","0","464","0","0","524288","0","0","0","0","0","0","0","0","0","0","0","0","0","0","0","0","0","0","0","0","1","0","0","0","0","0","1296","100","0","0","0","1","21","0","0","0","0","0","1","0","0","0","0","0","0","0","0","0","0","0","0","0","0","0","0","0","0","0","0","0","-1","0","0","6","0","0","1","0","0","0","0","0","-1","0","0","0","0","0","1","0","0","0","0","0","0","0","0","42","0","0","0","0","0","0","0","0","0","0","0","0","0","0","0","0","0","0","0","0","31236","0","0","0","0","0","0","0","0","0","0","0","0","0","0","0","0","2112","0","50","Find Weakness","","","","","","","","","","","","","","","","16712190","Rank 3","","","","","","","","","","","","","","","","16712190","Your finishing moves increase the damage of all your offensive abilities by $31236s1% for $31236d.","","","","","","","","","","","","","","","","16712190","","","","","","","","","","","","","","","","","16711916","0","0","0","0","8","0","0","0","0","0","0","0","1","1","1","0","0","0","0","0","0","1","0","0","0","0","0","0","0","0"
"31241","0","0","0","464","0","0","524288","0","0","0","0","0","0","0","0","0","0","0","0","0","0","0","0","0","0","0","0","1","0","0","0","0","0","1296","100","0","0","0","1","21","0","0","0","0","0","1","0","0","0","0","0","0","0","0","0","0","0","0","0","0","0","0","0","0","0","0","0","-1","0","0","6","0","0","1","0","0","0","0","0","-1","0","0","0","0","0","1","0","0","0","0","0","0","0","0","42","0","0","0","0","0","0","0","0","0","0","0","0","0","0","0","0","0","0","0","0","31237","0","0","0","0","0","0","0","0","0","0","0","0","0","0","0","0","2112","0","50","Find Weakness","","","","","","","","","","","","","","","","16712190","Rank 4","","","","","","","","","","","","","","","","16712190","Your finishing moves increase the damage of all your offensive abilities by $31237s1% for $31237d.","","","","","","","","","","","","","","","","16712190","","","","","","","","","","","","","","","","","16711916","0","0","0","0","8","0","0","0","0","0","0","0","1","1","1","0","0","0","0","0","0","1","0","0","0","0","0","0","0","0"
"31242","0","0","0","464","0","0","524288","0","0","0","0","0","0","0","0","0","0","0","0","0","0","0","0","0","0","0","0","1","0","0","0","0","0","1296","100","0","0","0","1","21","0","0","0","0","0","1","0","0","0","0","0","0","0","0","0","0","0","0","0","0","0","0","0","0","0","0","0","-1","0","0","6","0","0","1","0","0","0","0","0","-1","0","0","0","0","0","1","0","0","0","0","0","0","0","0","42","0","0","0","0","0","0","0","0","0","0","0","0","0","0","0","0","0","0","0","0","31238","0","0","0","0","0","0","0","0","0","0","0","0","0","0","0","0","2112","0","50","Find Weakness","","","","","","","","","","","","","","","","16712190","Rank 5","","","","","","","","","","","","","","","","16712190","Your finishing moves increase the damage of all your offensive abilities by $31238s1% for $31238d.","","","","","","","","","","","","","","","","16712190","","","","","","","","","","","","","","","","","16711916","0","0","0","0","8","0","0","0","0","0","0","0","1","1","1","0","0","0","0","0","0","1","0","0","0","0","0","0","0","0"
"33174","0","0","0","464","0","0","0","0","0","0","0","0","0","0","0","0","0","0","0","0","0","0","0","0","0","0","0","1","0","0","0","0","0","0","101","0","0","0","0","21","0","0","0","0","0","1","0","0","0","0","0","0","0","0","0","0","0","0","0","0","0","0","0","0","0","0","0","-1","0","0","6","6","0","1","1","0","0","0","0","4","4","0","0","0","0","1","1","0","0","0","0","0","0","0","107","107","0","0","0","0","0","0","0","0","0","0","0","0","0","12","23","0","0","0","0","0","0","0","0","0","0","0","0","0","0","0","0","0","0","0","0","0","1879","0","0","Improved Divine Spirit","","","","","","","","","","","","","","","","16712190","Rank 1","","","","","","","","","","","","","","","","16712190","Your Divine Spirit and Prayer of Spirit spells also increase the target's spell damage and healing by an amount equal to $s1% of their total Spirit.","","","","","","","","","","","","","","","","16712190","","","","","","","","","","","","","","","","","16711916","0","0","0","0","6","0","0","0","0","0","0","0","1","1","0","0","0","0","0","0","0","1","0","0","0","0","0","0","0","0"
"33182","0","0","0","464","0","0","0","0","0","0","0","0","0","0","0","0","0","0","0","0","0","0","0","0","0","0","0","1","0","0","0","0","0","0","101","0","0","0","0","21","0","0","0","0","0","1","0","0","0","0","0","0","0","0","0","0","0","0","0","0","0","0","0","0","0","0","0","-1","0","0","6","6","0","1","1","0","0","0","0","9","9","0","0","0","0","1","1","0","0","0","0","0","0","0","107","107","0","0","0","0","0","0","0","0","0","0","0","0","0","12","23","0","0","0","0","0","0","0","0","0","0","0","0","0","0","0","0","0","0","0","0","0","1879","0","0","Improved Divine Spirit","","","","","","","","","","","","","","","","16712190","Rank 2","","","","","","","","","","","","","","","","16712190","Your Divine Spirit and Prayer of Spirit spells also increase the target's spell damage and healing by an amount equal to $s1% of their total Spirit.","","","","","","","","","","","","","","","","16712190","","","","","","","","","","","","","","","","","16711916","0","0","0","0","6","0","0","0","0","0","0","0","1","1","0","0","0","0","0","0","0","1","0","0","0","0","0","0","0","0"
"18544","0","0","0","464","0","0","0","0","0","0","0","0","0","0","0","0","0","0","0","0","0","0","0","0","0","0","0","1","0","0","0","0","0","0","101","0","0","0","0","21","0","0","0","0","0","1","0","0","0","0","0","0","0","0","0","0","0","0","0","0","0","0","0","0","0","0","0","-1","0","0","6","6","6","1","1","1","0","0","0","0","0","0","0","0","0","1","1","1","0","0","0","0","0","0","107","108","108","0","0","0","0","0","0","0","0","0","0","0","0","7","0","22","0","0","0","0","0","0","0","0","0","0","0","0","0","0","0","0","0","0","0","0","340","0","0","Force of Will","","","","","","","","","","","","","","","","16712190","Rank 1","","","","","","","","","","","","","","","","16712190","Increases your spell damage by $s2% and the critical strike chance of your offensive spells by $s1%.","","","","","","","","","","","","","","","","16712190","","","","","","","","","","","","","","","","","16711932","0","0","0","0","6","0","0","0","0","0","0","0","1","1","1","0","0","0","0","0","0","1","0","0","0","0","0","0","0","0"
"18547","0","0","0","464","0","0","0","0","0","0","0","0","0","0","0","0","0","0","0","0","0","0","0","0","0","0","0","1","0","0","0","0","0","0","101","0","0","0","0","21","0","0","0","0","0","1","0","0","0","0","0","0","0","0","0","0","0","0","0","0","0","0","0","0","0","0","0","-1","0","0","6","6","6","1","1","1","0","0","0","1","1","1","0","0","0","1","1","1","0","0","0","0","0","0","107","108","108","0","0","0","0","0","0","0","0","0","0","0","0","7","0","22","0","0","0","0","0","0","0","0","0","0","0","0","0","0","0","0","0","0","0","0","340","0","0","Force of Will","","","","","","","","","","","","","","","","16712190","Rank 2","","","","","","","","","","","","","","","","16712190","Increases your spell damage by $s2% and the critical strike chance of your offensive spells by $s1%.","","","","","","","","","","","","","","","","16712190","","","","","","","","","","","","","","","","","16711932","0","0","0","0","6","0","0","0","0","0","0","0","1","1","1","0","0","0","0","0","0","1","0","0","0","0","0","0","0","0"
"18548","0","0","0","464","0","0","0","0","0","0","0","0","0","0","0","0","0","0","0","0","0","0","0","0","0","0","0","1","0","0","0","0","0","0","101","0","0","0","0","21","0","0","0","0","0","1","0","0","0","0","0","0","0","0","0","0","0","0","0","0","0","0","0","0","0","0","0","-1","0","0","6","6","6","1","1","1","0","0","0","2","2","2","0","0","0","1","1","1","0","0","0","0","0","0","107","108","108","0","0","0","0","0","0","0","0","0","0","0","0","7","0","22","0","0","0","0","0","0","0","0","0","0","0","0","0","0","0","0","0","0","0","0","340","0","0","Force of Will","","","","","","","","","","","","","","","","16712190","Rank 3","","","","","","","","","","","","","","","","16712190","Increases your spell damage by $s2% and the critical strike chance of your offensive spells by $s1%.","","","","","","","","","","","","","","","","16712190","","","","","","","","","","","","","","","","","16711932","0","0","0","0","6","0","0","0","0","0","0","0","1","1","1","0","0","0","0","0","0","1","0","0","0","0","0","0","0","0"
"18549","0","0","0","464","0","0","0","0","0","0","0","0","0","0","0","0","0","0","0","0","0","0","0","0","0","0","0","1","0","0","0","0","0","0","101","0","0","0","0","21","0","0","0","0","0","1","0","0","0","0","0","0","0","0","0","0","0","0","0","0","0","0","0","0","0","0","0","-1","0","0","6","6","6","1","1","1","0","0","0","3","3","3","0","0","0","1","1","1","0","0","0","0","0","0","107","108","108","0","0","0","0","0","0","0","0","0","0","0","0","7","0","22","0","0","0","0","0","0","0","0","0","0","0","0","0","0","0","0","0","0","0","0","340","0","0","Force of Will","","","","","","","","","","","","","","","","16712190","Rank 4","","","","","","","","","","","","","","","","16712190","Increases your spell damage by $s2% and the critical strike chance of your offensive spells by $s1%.","","","","","","","","","","","","","","","","16712190","","","","","","","","","","","","","","","","","16711932","0","0","0","0","6","0","0","0","0","0","0","0","1","1","1","0","0","0","0","0","0","1","0","0","0","0","0","0","0","0"
"18550","0","0","0","464","0","0","0","0","0","0","0","0","0","0","0","0","0","0","0","0","0","0","0","0","0","0","0","1","0","0","0","0","0","0","101","0","0","0","0","21","0","0","0","0","0","1","0","0","0","0","0","0","0","0","0","0","0","0","0","0","0","0","0","0","0","0","0","-1","0","0","6","6","6","1","1","1","0","0","0","4","4","4","0","0","0","1","1","1","0","0","0","0","0","0","107","108","108","0","0","0","0","0","0","0","0","0","0","0","0","7","0","22","0","0","0","0","0","0","0","0","0","0","0","0","0","0","0","0","0","0","0","0","340","0","0","Force of Will","","","","","","","","","","","","","","","","16712190","Rank 5","","","","","","","","","","","","","","","","16712190","Increases your spell damage by $s2% and the critical strike chance of your offensive spells by $s1%.","","","","","","","","","","","","","","","","16712190","","","","","","","","","","","","","","","","","16711932","0","0","0","0","6","0","0","0","0","0","0","0","1","1","1","0","0","0","0","0","0","1","0","0","0","0","0","0","0","0"
"15268","0","0","0","464","0","0","67633152","0","0","0","0","0","0","0","0","0","0","0","0","0","0","0","0","0","0","0","0","1","0","0","0","0","0","87376","2","0","0","0","0","21","0","0","0","0","0","1","0","0","0","0","0","0","0","0","0","0","0","0","0","0","0","0","0","0","0","0","0","-1","0","0","6","0","0","1","0","0","0","0","0","-1","0","0","0","0","0","1","0","0","0","0","0","0","0","0","42","0","0","0","0","0","0","0","0","0","0","0","0","0","0","0","0","0","0","0","0","15269","0","0","0","0","0","0","0","0","0","0","0","0","0","0","0","0","173","0","0","Blackout","","","","","","","","","","","","","","","","16712190","Rank 1","","","","","","","","","","","","","","","","16712190","Gives your Shadow damage spells a $h% chance to stun the target for $15269d.","","","","","","","","","","","","","","","","16712190","","","","","","","","","","","","","","","","","16711932","0","0","0","0","6","0","0","0","0","0","0","0","1","0","0","0","0","0","0","0","0","1","0","0","0","0","0","0","0","0"
"15323","0","0","0","464","0","0","67633152","0","0","0","0","0","0","0","0","0","0","0","0","0","0","0","0","0","0","0","0","1","0","0","0","0","0","87376","4","0","0","0","0","21","0","0","0","0","0","1","0","0","0","0","0","0","0","0","0","0","0","0","0","0","0","0","0","0","0","0","0","-1","0","0","6","0","0","1","0","0","0","0","0","-1","0","0","0","0","0","1","0","0","0","0","0","0","0","0","42","0","0","0","0","0","0","0","0","0","0","0","0","0","0","0","0","0","0","0","0","15269","0","0","0","0","0","0","0","0","0","0","0","0","0","0","0","0","173","0","0","Blackout","","","","","","","","","","","","","","","","16712190","Rank 2","","","","","","","","","","","","","","","","16712190","Gives your Shadow damage spells a $h% chance to stun the target for $15269d.","","","","","","","","","","","","","","","","16712190","","","","","","","","","","","","","","","","","16711932","0","0","0","0","6","0","0","0","0","0","0","0","1","0","0","0","0","0","0","0","0","1","0","0","0","0","0","0","0","0"
"15324","0","0","0","464","0","0","67633152","0","0","0","0","0","0","0","0","0","0","0","0","0","0","0","0","0","0","0","0","1","0","0","0","0","0","87376","6","0","0","0","0","21","0","0","0","0","0","1","0","0","0","0","0","0","0","0","0","0","0","0","0","0","0","0","0","0","0","0","0","-1","0","0","6","0","0","1","0","0","0","0","0","-1","0","0","0","0","0","1","0","0","0","0","0","0","0","0","42","0","0","0","0","0","0","0","0","0","0","0","0","0","0","0","0","0","0","0","0","15269","0","0","0","0","0","0","0","0","0","0","0","0","0","0","0","0","173","0","0","Blackout","","","","","","","","","","","","","","","","16712190","Rank 3","","","","","","","","","","","","","","","","16712190","Gives your Shadow damage spells a $h% chance to stun the target for $15269d.","","","","","","","","","","","","","","","","16712190","","","","","","","","","","","","","","","","","16711932","0","0","0","0","6","0","0","0","0","0","0","0","1","0","0","0","0","0","0","0","0","1","0","0","0","0","0","0","0","0"
"15325","0","0","0","464","0","0","67633152","0","0","0","0","0","0","0","0","0","0","0","0","0","0","0","0","0","0","0","0","1","0","0","0","0","0","87376","8","0","0","0","0","21","0","0","0","0","0","1","0","0","0","0","0","0","0","0","0","0","0","0","0","0","0","0","0","0","0","0","0","-1","0","0","6","0","0","1","0","0","0","0","0","-1","0","0","0","0","0","1","0","0","0","0","0","0","0","0","42","0","0","0","0","0","0","0","0","0","0","0","0","0","0","0","0","0","0","0","0","15269","0","0","0","0","0","0","0","0","0","0","0","0","0","0","0","0","173","0","0","Blackout","","","","","","","","","","","","","","","","16712190","Rank 4","","","","","","","","","","","","","","","","16712190","Gives your Shadow damage spells a $h% chance to stun the target for $15269d.","","","","","","","","","","","","","","","","16712190","","","","","","","","","","","","","","","","","16711932","0","0","0","0","6","0","0","0","0","0","0","0","1","0","0","0","0","0","0","0","0","1","0","0","0","0","0","0","0","0"
"15326","0","0","0","464","0","0","67633152","0","0","0","0","0","0","0","0","0","0","0","0","0","0","0","0","0","0","0","0","1","0","0","0","0","0","87376","10","0","0","0","0","21","0","0","0","0","0","1","0","0","0","0","0","0","0","0","0","0","0","0","0","0","0","0","0","0","0","0","0","-1","0","0","6","0","0","1","0","0","0","0","0","-1","0","0","0","0","0","1","0","0","0","0","0","0","0","0","42","0","0","0","0","0","0","0","0","0","0","0","0","0","0","0","0","0","0","0","0","15269","0","0","0","0","0","0","0","0","0","0","0","0","0","0","0","0","173","0","0","Blackout","","","","","","","","","","","","","","","","16712190","Rank 5","","","","","","","","","","","","","","","","16712190","Gives your Shadow damage spells a $h% chance to stun the target for $15269d.","","","","","","","","","","","","","","","","16712190","","","","","","","","","","","","","","","","","16711932","0","0","0","0","6","0","0","0","0","0","0","0","1","0","0","0","0","0","0","0","0","1","0","0","0","0","0","0","0","0"
"14910","0","0","0","448","0","0","0","0","0","0","0","0","0","0","0","0","0","0","0","0","0","0","0","0","0","0","0","1","0","0","0","0","0","0","101","0","0","0","0","21","0","0","0","0","0","1","0","0","0","0","0","0","0","0","0","0","0","0","0","0","0","0","0","0","0","0","0","-1","0","0","6","0","0","1","0","0","0","0","0","-3","0","0","0","0","0","1","0","0","0","0","0","0","0","0","179","0","0","0","0","0","0","0","0","0","0","0","0","0","0","126","0","0","0","0","0","0","0","0","0","0","0","0","0","0","0","0","0","0","0","0","0","0","228","0","0","Shadow Resilience","","","","","","","","","","","","","","","","16712190","Rank 1","","","","","","","","","","","","","","","","16712190","Reduces the chance you'll be critically hit by all spells by $s1%.","","","","","","","","","","","","","","","","16712190","","","","","","","","","","","","","","","","","16711932","0","0","0","0","6","0","0","0","0","0","0","0","1","0","0","0","0","0","0","0","0","1","0","0","0","0","0","0","0","0"
"33371","0","0","0","448","0","0","0","0","0","0","0","0","0","0","0","0","0","0","0","0","0","0","0","0","0","0","0","1","0","0","0","0","0","0","101","0","0","0","0","21","0","0","0","0","0","1","0","0","0","0","0","0","0","0","0","0","0","0","0","0","0","0","0","0","0","0","0","-1","0","0","6","0","0","1","0","0","0","0","0","-5","0","0","0","0","0","1","0","0","0","0","0","0","0","0","179","0","0","0","0","0","0","0","0","0","0","0","0","0","0","126","0","0","0","0","0","0","0","0","0","0","0","0","0","0","0","0","0","0","0","0","0","0","228","0","0","Shadow Resilience","","","","","","","","","","","","","","","","16712190","Rank 2","","","","","","","","","","","","","","","","16712190","Reduces the chance you'll be critically hit by all spells by $s1%.","","","","","","","","","","","","","","","","16712190","","","","","","","","","","","","","","","","","16711916","0","0","0","0","6","0","0","0","0","0","0","0","1","0","0","0","0","0","0","0","0","1","0","0","0","0","0","0","0","0"
"16189","0","0","0","464","0","0","0","0","0","0","0","0","0","0","0","0","0","0","0","0","0","0","0","0","0","0","0","1","0","0","0","0","0","0","101","0","0","0","1","0","0","0","0","0","0","1","0","0","0","0","0","0","0","0","0","0","0","0","0","0","0","0","0","0","0","0","0","-1","0","0","6","0","0","1","0","0","0","0","0","9","0","0","0","0","0","1","0","0","0","0","0","0","0","0","107","0","0","0","0","0","0","0","0","0","0","0","0","0","0","6","0","0","0","0","0","0","0","0","0","0","0","0","0","0","0","0","0","0","0","0","0","0","65","0","50","Totemic Mastery","","","","","","","","","","","","","","","","16712190","","","","","","","","","","","","","","","","","16711932","The radius of your totems that affect friendly targets is increased to 30 yards.","","","","","","","","","","","","","","","","16712190","","","","","","","","","","","","","","","","","16711932","0","0","0","0","11","0","0","0","0","0","0","0","1","1","1","0","0","0","0","0","0","1","0","0","0","0","0","0","0","0"
"29206","0","0","0","448","0","0","67108864","0","0","0","0","0","0","0","0","0","0","0","0","0","0","0","0","0","0","0","0","1","0","0","0","0","0","0","101","0","0","0","0","21","0","0","0","0","0","1","0","0","0","0","0","0","0","0","0","0","0","0","0","0","0","0","0","0","0","0","0","-1","0","0","6","0","0","1","0","0","0","0","0","32","0","0","0","0","0","1","0","0","0","0","0","0","0","0","109","0","0","0","0","0","0","0","0","0","0","0","0","0","0","0","0","0","0","0","0","29203","0","0","0","0","0","0","0","0","0","0","0","0","0","0","0","0","1929","0","0","Healing Way","","","","","","","","","","","","","","","","16712190","Rank 1","","","","","","","","","","","","","","","","16712190","Your Healing Wave spells have a $s1% chance to increase the effect of subsequent Healing Wave spells on that target by $29203s1% for $29203d.  This effect will stack up to $29203u times.","","","","","","","","","","","","","","","","16712190","","","","","","","","","","","","","","","","","16711916","0","0","0","0","11","0","0","0","0","0","0","0","1","0","0","0","0","0","0","0","0","1","0","0","0","0","0","0","0","0"
"29205","0","0","0","448","0","0","67108864","0","0","0","0","0","0","0","0","0","0","0","0","0","0","0","0","0","0","0","0","1","0","0","0","0","0","0","101","0","0","0","0","21","0","0","0","0","0","1","0","0","0","0","0","0","0","0","0","0","0","0","0","0","0","0","0","0","0","0","0","-1","0","0","6","0","0","1","0","0","0","0","0","65","0","0","0","0","0","1","0","0","0","0","0","0","0","0","109","0","0","0","0","0","0","0","0","0","0","0","0","0","0","0","0","0","0","0","0","29203","0","0","0","0","0","0","0","0","0","0","0","0","0","0","0","0","1929","0","0","Healing Way","","","","","","","","","","","","","","","","16712190","Rank 2","","","","","","","","","","","","","","","","16712190","Your Healing Wave spells have a $s1% chance to increase the effect of subsequent Healing Wave spells on that target by $29203s1% for $29203d.  This effect will stack up to $29203u times.","","","","","","","","","","","","","","","","16712190","","","","","","","","","","","","","","","","","16711916","0","0","0","0","11","0","0","0","0","0","0","0","1","0","0","0","0","0","0","0","0","1","0","0","0","0","0","0","0","0"
"29202","0","0","0","448","0","0","67108864","0","0","0","0","0","0","0","0","0","0","0","0","0","0","0","0","0","0","0","0","1","0","0","0","0","0","0","101","0","0","0","0","21","0","0","0","0","0","1","0","0","0","0","0","0","0","0","0","0","0","0","0","0","0","0","0","0","0","0","0","-1","0","0","6","0","0","1","0","0","0","0","0","99","0","0","0","0","0","1","0","0","0","0","0","0","0","0","109","0","0","0","0","0","0","0","0","0","0","0","0","0","0","0","0","0","0","0","0","29203","0","0","0","0","0","0","0","0","0","0","0","0","0","0","0","0","1929","0","0","Healing Way","","","","","","","","","","","","","","","","16712190","Rank 3","","","","","","","","","","","","","","","","16712190","Your Healing Wave spells have a $s1% chance to increase the effect of subsequent Healing Wave spells on that target by $29203s1% for $29203d.  This effect will stack up to $29203u times.","","","","","","","","","","","","","","","","16712190","","","","","","","","","","","","","","","","","16711916","0","0","0","0","11","0","0","0","0","0","0","0","1","0","0","0","0","0","0","0","0","1","0","0","0","0","0","0","0","0"
"16180","0","0","0","464","0","0","0","0","0","0","0","0","0","0","0","0","0","0","0","0","0","0","0","0","0","0","0","1","0","0","0","0","0","0","101","0","0","0","0","21","0","0","0","0","0","1","0","0","0","0","0","0","0","0","0","0","0","0","0","0","0","0","0","0","0","0","0","-1","0","0","6","6","0","1","1","0","0","0","0","0","0","0","0","0","0","1","1","0","0","0","0","0","0","0","54","55","0","0","0","0","0","0","0","0","0","0","0","0","0","0","0","0","0","0","0","0","0","0","0","0","0","0","0","0","0","0","0","0","0","0","0","0","15","0","0","Nature's Guidance","","","","","","","","","","","","","","","","16712190","Rank 1","","","","","","","","","","","","","","","","16712190","Increases your chance to hit with melee attacks and spells by $s1%.","","","","","","","","","","","","","","","","16712190","","","","","","","","","","","","","","","","","16711932","0","0","0","0","11","0","0","0","0","0","0","0","1","1","0","0","0","0","0","0","0","1","0","0","0","0","0","0","0","0"
"16196","0","0","0","464","0","0","0","0","0","0","0","0","0","0","0","0","0","0","0","0","0","0","0","0","0","0","0","1","0","0","0","0","0","0","101","0","0","0","0","21","0","0","0","0","0","1","0","0","0","0","0","0","0","0","0","0","0","0","0","0","0","0","0","0","0","0","0","-1","0","0","6","6","0","1","1","0","0","0","0","1","1","0","0","0","0","1","1","0","0","0","0","0","0","0","54","55","0","0","0","0","0","0","0","0","0","0","0","0","0","0","0","0","0","0","0","0","0","0","0","0","0","0","0","0","0","0","0","0","0","0","0","0","15","0","0","Nature's Guidance","","","","","","","","","","","","","","","","16712190","Rank 2","","","","","","","","","","","","","","","","16712190","Increases your chance to hit with melee attacks and spells by $s1%.","","","","","","","","","","","","","","","","16712190","","","","","","","","","","","","","","","","","16711932","0","0","0","0","11","0","0","0","0","0","0","0","1","1","0","0","0","0","0","0","0","1","0","0","0","0","0","0","0","0"
"16198","0","0","0","464","0","0","0","0","0","0","0","0","0","0","0","0","0","0","0","0","0","0","0","0","0","0","0","1","0","0","0","0","0","0","101","0","0","0","0","21","0","0","0","0","0","1","0","0","0","0","0","0","0","0","0","0","0","0","0","0","0","0","0","0","0","0","0","-1","0","0","6","6","0","1","1","0","0","0","0","2","2","0","0","0","0","1","1","0","0","0","0","0","0","0","54","55","0","0","0","0","0","0","0","0","0","0","0","0","0","0","0","0","0","0","0","0","0","0","0","0","0","0","0","0","0","0","0","0","0","0","0","0","15","0","0","Nature's Guidance","","","","","","","","","","","","","","","","16712190","Rank 3","","","","","","","","","","","","","","","","16712190","Increases your chance to hit with melee attacks and spells by $s1%.","","","","","","","","","","","","","","","","16712190","","","","","","","","","","","","","","","","","16711932","0","0","0","0","11","0","0","0","0","0","0","0","1","1","0","0","0","0","0","0","0","1","0","0","0","0","0","0","0","0"
"29192","0","0","0","464","0","0","0","0","0","0","0","0","0","0","0","0","0","0","0","0","0","0","0","0","0","0","0","1","0","0","0","0","0","0","101","0","0","0","0","21","0","0","0","0","0","1","0","0","0","0","0","0","0","0","0","0","0","0","0","0","0","0","0","0","0","0","0","-1","0","0","6","6","0","1","1","0","0","0","0","14","5","0","0","0","0","1","1","0","0","0","0","0","0","0","4","4","0","0","0","0","0","0","0","0","0","0","0","0","0","0","0","0","0","0","0","0","0","0","0","0","0","0","0","0","0","0","0","0","0","0","0","0","57","0","0","Improved Weapon Totems","","","","","","","","","","","","","","","","16712190","Rank 1","","","","","","","","","","","","","","","","16712190","Increases the melee attack power bonus of your Windfury Totem by $s1% and increases the damage caused by your Flametongue Totem by $s2%.","","","","","","","","","","","","","","","","16712190","","","","","","","","","","","","","","","","","16711916","0","0","0","0","11","0","0","0","0","0","0","0","1","1","1","0","0","0","0","0","0","1","0","0","0","0","0","0","0","0"
"29193","0","0","0","464","0","0","0","0","0","0","0","0","0","0","0","0","0","0","0","0","0","0","0","0","0","0","0","1","0","0","0","0","0","0","101","0","0","0","0","21","0","0","0","0","0","1","0","0","0","0","0","0","0","0","0","0","0","0","0","0","0","0","0","0","0","0","0","-1","0","0","6","6","0","1","1","0","0","0","0","29","11","0","0","0","0","1","1","0","0","0","0","0","0","0","4","4","0","0","0","0","0","0","0","0","0","0","0","0","0","0","0","0","0","0","0","0","0","0","0","0","0","0","0","0","0","0","0","0","0","0","0","0","57","0","0","Improved Weapon Totems","","","","","","","","","","","","","","","","16712190","Rank 2","","","","","","","","","","","","","","","","16712190","Increases the melee attack power bonus of your Windfury Totem by $s1% and increases the damage caused by your Flametongue Totem by $s2%.","","","","","","","","","","","","","","","","16712190","","","","","","","","","","","","","","","","","16711916","0","0","0","0","11","0","0","0","0","0","0","0","1","1","1","0","0","0","0","0","0","1","0","0","0","0","0","0","0","0"
"17245","0","0","0","464","0","0","0","0","0","0","0","0","0","0","0","0","0","0","0","0","0","0","0","0","0","0","0","1","0","0","0","0","0","0","101","0","0","0","0","21","0","0","0","0","0","1","0","0","0","0","0","0","0","0","0","0","0","0","0","0","0","0","0","0","0","0","0","-1","0","0","6","0","0","1","0","0","0","0","0","14","0","0","0","0","0","1","0","0","0","0","0","0","0","0","107","0","0","0","0","0","0","0","0","0","0","0","0","0","0","18","0","0","0","0","0","0","0","0","0","0","0","1048576","0","0","0","0","0","0","0","0","0","0","168","0","0","Improved Nature's Grasp","","","","","","","","","","","","","","","","16712190","Rank 1","","","","","","","","","","","","","","","","16712190","Increases the chance for your Nature's Grasp to entangle an enemy by $s1%.","","","","","","","","","","","","","","","","16712190","","","","","","","","","","","","","","","","","16711932","0","0","0","0","7","0","0","0","0","0","0","0","1","0","0","0","0","0","0","0","0","1","0","0","0","0","0","0","0","0"
"17247","0","0","0","464","0","0","0","0","0","0","0","0","0","0","0","0","0","0","0","0","0","0","0","0","0","0","0","1","0","0","0","0","0","0","101","0","0","0","0","21","0","0","0","0","0","1","0","0","0","0","0","0","0","0","0","0","0","0","0","0","0","0","0","0","0","0","0","-1","0","0","6","0","0","1","0","0","0","0","0","29","0","0","0","0","0","1","0","0","0","0","0","0","0","0","107","0","0","0","0","0","0","0","0","0","0","0","0","0","0","18","0","0","0","0","0","0","0","0","0","0","0","1048576","0","0","0","0","0","0","0","0","0","0","168","0","0","Improved Nature's Grasp","","","","","","","","","","","","","","","","16712190","Rank 2","","","","","","","","","","","","","","","","16712190","Increases the chance for your Nature's Grasp to entangle an enemy by $s1%.","","","","","","","","","","","","","","","","16712190","","","","","","","","","","","","","","","","","16711932","0","0","0","0","7","0","0","0","0","0","0","0","1","0","0","0","0","0","0","0","0","1","0","0","0","0","0","0","0","0"
"17248","0","0","0","464","0","0","0","0","0","0","0","0","0","0","0","0","0","0","0","0","0","0","0","0","0","0","0","1","0","0","0","0","0","0","101","0","0","0","0","21","0","0","0","0","0","1","0","0","0","0","0","0","0","0","0","0","0","0","0","0","0","0","0","0","0","0","0","-1","0","0","6","0","0","1","0","0","0","0","0","44","0","0","0","0","0","1","0","0","0","0","0","0","0","0","107","0","0","0","0","0","0","0","0","0","0","0","0","0","0","18","0","0","0","0","0","0","0","0","0","0","0","1048576","0","0","0","0","0","0","0","0","0","0","168","0","0","Improved Nature's Grasp","","","","","","","","","","","","","","","","16712190","Rank 3","","","","","","","","","","","","","","","","16712190","Increases the chance for your Nature's Grasp to entangle an enemy by $s1%.","","","","","","","","","","","","","","","","16712190","","","","","","","","","","","","","","","","","16711932","0","0","0","0","7","0","0","0","0","0","0","0","1","0","0","0","0","0","0","0","0","1","0","0","0","0","0","0","0","0"
"17249","0","0","0","464","0","0","0","0","0","0","0","0","0","0","0","0","0","0","0","0","0","0","0","0","0","0","0","1","0","0","0","0","0","0","101","0","0","0","0","21","0","0","0","0","0","1","0","0","0","0","0","0","0","0","0","0","0","0","0","0","0","0","0","0","0","0","0","-1","0","0","6","0","0","1","0","0","0","0","0","64","0","0","0","0","0","1","0","0","0","0","0","0","0","0","107","0","0","0","0","0","0","0","0","0","0","0","0","0","0","18","0","0","0","0","0","0","0","0","0","0","0","1048576","0","0","0","0","0","0","0","0","0","0","168","0","0","Improved Nature's Grasp","","","","","","","","","","","","","","","","16712190","Rank 4","","","","","","","","","","","","","","","","16712190","Increases the chance for your Nature's Grasp to entangle an enemy by $s1%.","","","","","","","","","","","","","","","","16712190","","","","","","","","","","","","","","","","","16711932","0","0","0","0","7","0","0","0","0","0","0","0","1","0","0","0","0","0","0","0","0","1","0","0","0","0","0","0","0","0"
"16918","0","0","0","464","0","0","0","0","0","0","0","0","0","0","0","0","0","0","0","0","0","0","0","0","0","0","0","1","0","0","0","0","0","0","101","0","0","0","0","21","0","0","0","0","0","1","0","0","0","0","0","0","0","0","0","0","0","0","0","0","0","0","0","0","0","0","0","-1","0","0","6","0","0","1","0","0","0","0","0","39","0","0","0","0","0","1","0","0","0","0","0","0","0","0","108","0","0","0","0","0","0","0","0","0","0","0","0","0","0","9","0","0","0","0","0","0","0","0","0","0","0","0","0","0","0","0","0","0","0","0","0","0","20","0","0","Control of Nature","","","","","","","","","","","","","","","","16712190","Rank 1","","","","","","","","","","","","","","","","16712190","Gives you a $s1% chance to avoid interruption caused by damage while casting Entangling Roots and Cyclone.","","","","","","","","","","","","","","","","16712190","","","","","","","","","","","","","","","","","16711932","0","0","0","0","7","0","0","0","0","0","0","0","1","0","0","0","0","0","0","0","0","1","0","0","0","0","0","0","0","0"
"16919","0","0","0","464","0","0","0","0","0","0","0","0","0","0","0","0","0","0","0","0","0","0","0","0","0","0","0","1","0","0","0","0","0","0","101","0","0","0","0","21","0","0","0","0","0","1","0","0","0","0","0","0","0","0","0","0","0","0","0","0","0","0","0","0","0","0","0","-1","0","0","6","0","0","1","0","0","0","0","0","69","0","0","0","0","0","1","0","0","0","0","0","0","0","0","108","0","0","0","0","0","0","0","0","0","0","0","0","0","0","9","0","0","0","0","0","0","0","0","0","0","0","0","0","0","0","0","0","0","0","0","0","0","20","0","0","Control of Nature","","","","","","","","","","","","","","","","16712190","Rank 2","","","","","","","","","","","","","","","","16712190","Gives you a $s1% chance to avoid interruption caused by damage while casting Entangling Roots and Cyclone.","","","","","","","","","","","","","","","","16712190","","","","","","","","","","","","","","","","","16711932","0","0","0","0","7","0","0","0","0","0","0","0","1","0","0","0","0","0","0","0","0","1","0","0","0","0","0","0","0","0"
"16920","0","0","0","464","0","0","0","0","0","0","0","0","0","0","0","0","0","0","0","0","0","0","0","0","0","0","0","1","0","0","0","0","0","0","101","0","0","0","0","21","0","0","0","0","0","1","0","0","0","0","0","0","0","0","0","0","0","0","0","0","0","0","0","0","0","0","0","-1","0","0","6","0","0","1","0","0","0","0","0","99","0","0","0","0","0","1","0","0","0","0","0","0","0","0","108","0","0","0","0","0","0","0","0","0","0","0","0","0","0","9","0","0","0","0","0","0","0","0","0","0","0","0","0","0","0","0","0","0","0","0","0","0","20","0","0","Control of Nature","","","","","","","","","","","","","","","","16712190","Rank 3","","","","","","","","","","","","","","","","16712190","Gives you a $s1% chance to avoid interruption caused by damage while casting Entangling Roots and Cyclone.","","","","","","","","","","","","","","","","16712190","","","","","","","","","","","","","","","","","16711932","0","0","0","0","7","0","0","0","0","0","0","0","1","0","0","0","0","0","0","0","0","1","0","0","0","0","0","0","0","0"
"18128","0","0","0","464","0","0","0","0","0","0","0","0","0","0","0","0","0","0","0","0","0","0","0","0","0","0","0","1","0","0","0","0","0","0","101","0","0","0","0","21","0","0","0","0","0","1","0","0","0","0","0","0","0","0","0","0","0","0","0","0","0","0","0","0","0","0","0","-1","0","0","6","0","0","1","0","0","0","0","0","-3001","0","0","0","0","0","1","0","0","0","0","0","0","0","0","107","0","0","0","0","0","0","0","0","0","0","0","0","0","0","11","0","0","0","0","0","0","0","0","0","0","0","8192","0","0","0","0","0","0","0","0","0","0","596","0","0","Improved Lash of Pain","","","","","","","","","","","","","","","","16712190","Rank 1","","","","","","","","","","","","","","","","16712190","Reduces the cooldown of your Succubus' Lash of Pain spell by $/1000;s1 sec.","","","","","","","","","","","","","","","","16712190","","","","","","","","","","","","","","","","","16711932","0","0","0","0","5","0","0","0","0","0","0","0","1","0","0","0","0","0","0","0","0","1","0","0","0","0","0","0","0","0"
"18129","0","0","0","464","0","0","0","0","0","0","0","0","0","0","0","0","0","0","0","0","0","0","0","0","0","0","0","1","0","0","0","0","0","0","101","0","0","0","0","21","0","0","0","0","0","1","0","0","0","0","0","0","0","0","0","0","0","0","0","0","0","0","0","0","0","0","0","-1","0","0","6","0","0","1","0","0","0","0","0","-6001","0","0","0","0","0","1","0","0","0","0","0","0","0","0","107","0","0","0","0","0","0","0","0","0","0","0","0","0","0","11","0","0","0","0","0","0","0","0","0","0","0","8192","0","0","0","0","0","0","0","0","0","0","596","0","0","Improved Lash of Pain","","","","","","","","","","","","","","","","16712190","Rank 2","","","","","","","","","","","","","","","","16712190","Reduces the cooldown of your Succubus' Lash of Pain spell by $/1000;s1 sec.","","","","","","","","","","","","","","","","16712190","","","","","","","","","","","","","","","","","16711932","0","0","0","0","5","0","0","0","0","0","0","0","1","0","0","0","0","0","0","0","0","1","0","0","0","0","0","0","0","0"
"18265","0","1","0","65536","0","0","0","0","0","0","0","0","0","0","0","0","0","0","0","0","0","0","0","0","0","0","0","1","0","0","8","0","0","0","101","0","38","30","30","9","0","140","0","0","0","4","0","0","0","0","0","0","0","0","0","0","0","0","0","0","0","0","0","0","0","0","0","-1","0","0","6","0","0","1","0","0","0","0","0","14","0","0","0","0","0","6","0","0","0","0","0","0","0","0","53","0","0","3000","0","0","1","0","0","0","0","0","0","0","0","0","0","0","0","0","0","0","0","0","0","0","0","0","0","0","0","0","0","0","0","0","8687","0","152","0","0","Siphon Life","","","","","","","","","","","","","","","","16712190","Rank 1","","","","","","","","","","","","","","","","16712190","Transfers $s1 health from the target to the caster every $t1 sec.  Lasts $d.","","","","","","","","","","","","","","","","16712190","Drains $s1 health to the caster every $t1 sec.","","","","","","","","","","","","","","","","16712190","0","133","1500","0","5","0","1","0","0","1","1","0","1","1","1","0","0","0","0","0","0","32","0","0","0","0","0","0","0","0"
"18754","0","0","0","464","0","0","0","0","0","0","0","0","0","0","0","0","0","0","0","0","0","0","0","0","0","0","0","1","0","0","0","0","0","0","101","0","0","0","0","21","0","0","0","0","0","1","0","0","0","0","0","0","0","0","0","0","0","0","0","0","0","0","0","0","0","0","0","-1","0","0","6","6","0","1","1","0","0","0","0","9","9","0","0","0","0","1","1","0","0","0","0","0","0","0","108","108","0","0","0","0","0","0","0","0","0","0","0","0","0","8","1","0","0","0","0","0","0","0","0","0","0","1073750016","1073741824","0","0","0","0","0","0","0","0","0","216","0","0","Improved Succubus","","","","","","","","","","","","","","","","16712190","Rank 1","","","","","","","","","","","","","","","","16712190","Increases the effect of your Succubus' Lash of Pain and Soothing Kiss spells by $s1%, and increases the duration of your Succubus' Seduction and Lesser Invisibility spells by $s2%.","","","","","","","","","","","","","","","","16712190","","","","","","","","","","","","","","","","","16711932","0","0","0","0","5","0","0","0","0","0","0","0","1","1","0","0","0","0","0","0","0","1","0","0","0","0","0","0","0","0"
"18755","0","0","0","464","0","0","0","0","0","0","0","0","0","0","0","0","0","0","0","0","0","0","0","0","0","0","0","1","0","0","0","0","0","0","101","0","0","0","0","21","0","0","0","0","0","1","0","0","0","0","0","0","0","0","0","0","0","0","0","0","0","0","0","0","0","0","0","-1","0","0","6","6","0","1","1","0","0","0","0","19","19","0","0","0","0","1","1","0","0","0","0","0","0","0","108","108","0","0","0","0","0","0","0","0","0","0","0","0","0","8","1","0","0","0","0","0","0","0","0","0","0","1073750016","1073741824","0","0","0","0","0","0","0","0","0","216","0","0","Improved Succubus","","","","","","","","","","","","","","","","16712190","Rank 2","","","","","","","","","","","","","","","","16712190","Increases the effect of your Succubus' Lash of Pain and Soothing Kiss spells by $s1%, and increases the duration of your Succubus' Seduction and Lesser Invisibility spells by $s2%.","","","","","","","","","","","","","","","","16712190","","","","","","","","","","","","","","","","","16711932","0","0","0","0","5","0","0","0","0","0","0","0","1","1","0","0","0","0","0","0","0","1","0","0","0","0","0","0","0","0"
"18756","0","0","0","464","0","0","0","0","0","0","0","0","0","0","0","0","0","0","0","0","0","0","0","0","0","0","0","1","0","0","0","0","0","0","101","0","0","0","0","21","0","0","0","0","0","1","0","0","0","0","0","0","0","0","0","0","0","0","0","0","0","0","0","0","0","0","0","-1","0","0","6","6","0","1","1","0","0","0","0","29","29","0","0","0","0","1","1","0","0","0","0","0","0","0","108","108","0","0","0","0","0","0","0","0","0","0","0","0","0","8","1","0","0","0","0","0","0","0","0","0","0","1073750016","1073741824","0","0","0","0","0","0","0","0","0","216","0","0","Improved Succubus","","","","","","","","","","","","","","","","16712190","Rank 3","","","","","","","","","","","","","","","","16712190","Increases the effect of your Succubus' Lash of Pain and Soothing Kiss spells by $s1%, and increases the duration of your Succubus' Seduction and Lesser Invisibility spells by $s2%.","","","","","","","","","","","","","","","","16712190","","","","","","","","","","","","","","","","","16711932","0","0","0","0","5","0","0","0","0","0","0","0","1","1","0","0","0","0","0","0","0","1","0","0","0","0","0","0","0","0"
"18748","0","0","0","464","0","0","0","0","0","0","0","0","0","0","0","0","0","0","0","0","0","0","0","0","0","0","0","1","0","0","0","0","0","0","101","0","0","0","0","21","0","0","0","0","0","1","0","0","0","0","0","0","0","0","0","0","0","0","0","0","0","0","0","0","0","0","0","-1","0","0","6","6","0","1","1","0","0","0","0","4","0","0","0","0","0","1","1","0","0","0","0","0","0","0","107","133","0","0","0","0","0","0","0","0","0","0","0","0","0","8","0","0","0","0","0","0","0","0","0","0","0","0","0","0","0","0","0","0","0","0","0","0","207","0","0","Fel Stamina","","","","","","","","","","","","","","","","16712190","Rank 1","","","","","","","","","","","","","","","","16712190","Increases the Stamina of your Imp, Voidwalker, Succubus, Felhunter and Felguard by $s1% and increases your maximum health by $s2%.","","","","","","","","","","","","","","","","16712190","","","","","","","","","","","","","","","","","16711932","0","0","0","0","5","0","0","0","0","0","0","0","1","1","0","0","0","0","0","0","0","1","0","0","0","0","0","0","0","0"
"18749","0","0","0","464","0","0","0","0","0","0","0","0","0","0","0","0","0","0","0","0","0","0","0","0","0","0","0","1","0","0","0","0","0","0","101","0","0","0","0","21","0","0","0","0","0","1","0","0","0","0","0","0","0","0","0","0","0","0","0","0","0","0","0","0","0","0","0","-1","0","0","6","6","0","1","1","0","0","0","0","9","1","0","0","0","0","1","1","0","0","0","0","0","0","0","107","133","0","0","0","0","0","0","0","0","0","0","0","0","0","8","0","0","0","0","0","0","0","0","0","0","0","0","0","0","0","0","0","0","0","0","0","0","207","0","0","Fel Stamina","","","","","","","","","","","","","","","","16712190","Rank 2","","","","","","","","","","","","","","","","16712190","Increases the Stamina of your Imp, Voidwalker, Succubus, Felhunter and Felguard by $s1% and increases your maximum health by $s2%.","","","","","","","","","","","","","","","","16712190","","","","","","","","","","","","","","","","","16711932","0","0","0","0","5","0","0","0","0","0","0","0","1","1","0","0","0","0","0","0","0","1","0","0","0","0","0","0","0","0"
"18750","0","0","0","464","0","0","0","0","0","0","0","0","0","0","0","0","0","0","0","0","0","0","0","0","0","0","0","1","0","0","0","0","0","0","101","0","0","0","0","21","0","0","0","0","0","1","0","0","0","0","0","0","0","0","0","0","0","0","0","0","0","0","0","0","0","0","0","-1","0","0","6","6","0","1","1","0","0","0","0","14","2","0","0","0","0","1","1","0","0","0","0","0","0","0","107","133","0","0","0","0","0","0","0","0","0","0","0","0","0","8","0","0","0","0","0","0","0","0","0","0","0","0","0","0","0","0","0","0","0","0","0","0","207","0","0","Fel Stamina","","","","","","","","","","","","","","","","16712190","Rank 3","","","","","","","","","","","","","","","","16712190","Increases the Stamina of your Imp, Voidwalker, Succubus, Felhunter and Felguard by $s1% and increases your maximum health by $s2%.","","","","","","","","","","","","","","","","16712190","","","","","","","","","","","","","","","","","16711932","0","0","0","0","5","0","0","0","0","0","0","0","1","1","0","0","0","0","0","0","0","1","0","0","0","0","0","0","0","0"
"18821","0","0","0","464","0","0","0","0","0","0","0","0","0","0","0","0","0","0","0","0","0","0","0","0","0","0","0","1","0","0","0","0","0","0","101","0","0","0","0","21","0","0","0","0","0","1","0","0","0","0","0","0","0","0","0","0","0","0","0","0","0","0","0","0","0","0","0","-1","0","0","6","6","6","1","1","1","0","0","0","4","4","4","0","0","0","1","1","1","0","0","0","0","0","0","107","107","107","0","0","0","0","0","0","0","0","0","0","0","0","12","23","16","0","0","0","0","0","0","0","0","0","0","0","0","0","0","0","0","0","0","0","0","1500","0","0","Improved Enslave Demon","","","","","","","","","","","","","","","","16712190","Rank 1","","","","","","","","","","","","","","","","16712190","Reduces the Attack Speed and Casting Speed penalty of your Enslave Demon spell by $s1% and reduces the resist chance by $s3%.","","","","","","","","","","","","","","","","16712190","","","","","","","","","","","","","","","","","16711932","0","0","0","0","5","0","0","0","0","0","0","0","1","1","1","0","0","0","0","0","0","1","0","0","0","0","0","0","0","0"
"18822","0","0","0","464","0","0","0","0","0","0","0","0","0","0","0","0","0","0","0","0","0","0","0","0","0","0","0","1","0","0","0","0","0","0","101","0","0","0","0","21","0","0","0","0","0","1","0","0","0","0","0","0","0","0","0","0","0","0","0","0","0","0","0","0","0","0","0","-1","0","0","6","6","6","1","1","1","0","0","0","9","9","9","0","0","0","1","1","1","0","0","0","0","0","0","107","107","107","0","0","0","0","0","0","0","0","0","0","0","0","12","23","16","0","0","0","0","0","0","0","0","0","0","0","0","0","0","0","0","0","0","0","0","1500","0","0","Improved Enslave Demon","","","","","","","","","","","","","","","","16712190","Rank 2","","","","","","","","","","","","","","","","16712190","Reduces the Attack Speed and Casting Speed penalty of your Enslave Demon spell by $s1% and reduces the resist chance by $s3%.","","","","","","","","","","","","","","","","16712190","","","","","","","","","","","","","","","","","16711932","0","0","0","0","5","0","0","0","0","0","0","0","1","1","1","0","0","0","0","0","0","1","0","0","0","0","0","0","0","0"
"24293","0","0","0","464","0","0","0","0","0","0","0","0","0","0","0","0","0","0","0","0","0","0","0","0","0","0","0","1","0","0","0","0","0","0","101","0","0","0","0","21","0","0","0","0","0","1","0","0","0","0","0","0","0","0","0","0","0","0","0","0","0","0","0","0","0","0","0","-1","0","0","6","6","0","1","1","0","0","0","0","0","0","0","0","0","0","1","1","0","0","0","0","0","0","0","168","169","0","0","0","0","0","0","0","0","0","0","0","0","0","19","19","0","0","0","0","0","0","0","0","0","0","0","0","0","0","0","0","0","0","0","0","0","1699","0","0","Monster Slaying","","","","","","","","","","","","","","","","16712190","Rank 1","","","","","","","","","","","","","","","","16712190","Increases all damage caused against Beasts, Giants and Dragonkin targets by $s1% and increases critical damage caused against Beasts, Giants and Dragonkin targets by an additional $s2%.","","","","","","","","","","","","","","","","16712190","","","","","","","","","","","","","","","","","16711916","0","0","0","0","0","0","0","0","0","0","0","0","1","1","0","0","0","0","0","0","0","1","0","0","0","0","0","0","0","0"
"24294","0","0","0","464","0","0","0","0","0","0","0","0","0","0","0","0","0","0","0","0","0","0","0","0","0","0","0","1","0","0","0","0","0","0","101","0","0","0","0","21","0","0","0","0","0","1","0","0","0","0","0","0","0","0","0","0","0","0","0","0","0","0","0","0","0","0","0","-1","0","0","6","6","0","1","1","0","0","0","0","1","1","0","0","0","0","1","1","0","0","0","0","0","0","0","168","169","0","0","0","0","0","0","0","0","0","0","0","0","0","19","19","0","0","0","0","0","0","0","0","0","0","0","0","0","0","0","0","0","0","0","0","0","1699","0","0","Monster Slaying","","","","","","","","","","","","","","","","16712190","Rank 2","","","","","","","","","","","","","","","","16712190","Increases all damage caused against Beasts, Giants and Dragonkin targets by $s1% and increases critical damage caused against Beasts, Giants and Dragonkin targets by an additional $s2%.","","","","","","","","","","","","","","","","16712190","","","","","","","","","","","","","","","","","16711916","0","0","0","0","0","0","0","0","0","0","0","0","1","1","0","0","0","0","0","0","0","1","0","0","0","0","0","0","0","0"
"24295","0","0","0","464","0","0","0","0","0","0","0","0","0","0","0","0","0","0","0","0","0","0","0","0","0","0","0","1","0","0","0","0","0","0","101","0","0","0","0","21","0","0","0","0","0","1","0","0","0","0","0","0","0","0","0","0","0","0","0","0","0","0","0","0","0","0","0","-1","0","0","6","6","0","1","1","0","0","0","0","2","2","0","0","0","0","1","1","0","0","0","0","0","0","0","168","169","0","0","0","0","0","0","0","0","0","0","0","0","0","19","19","0","0","0","0","0","0","0","0","0","0","0","0","0","0","0","0","0","0","0","0","0","1699","0","0","Monster Slaying","","","","","","","","","","","","","","","","16712190","Rank 3","","","","","","","","","","","","","","","","16712190","Increases all damage caused against Beasts, Giants and Dragonkin targets by $s1% and increases critical damage caused against Beasts, Giants and Dragonkin targets by an additional $s2%.","","","","","","","","","","","","","","","","16712190","","","","","","","","","","","","","","","","","16711916","0","0","0","0","0","0","0","0","0","0","0","0","1","1","0","0","0","0","0","0","0","1","0","0","0","0","0","0","0","0"
"19151","0","0","0","464","0","0","0","0","0","0","0","0","0","0","0","0","0","0","0","0","0","0","0","0","0","0","0","1","0","0","0","0","0","0","101","0","0","0","0","21","0","0","0","0","0","1","0","0","0","0","0","0","0","0","0","0","0","0","0","0","0","0","0","0","0","0","0","-1","0","0","6","6","0","1","1","0","0","0","0","0","0","0","0","0","0","1","1","0","0","0","0","0","0","0","168","169","0","0","0","0","0","0","0","0","0","0","0","0","0","64","64","0","0","0","0","0","0","0","0","0","0","0","0","0","0","0","0","0","0","0","0","0","316","0","0","Humanoid Slaying","","","","","","","","","","","","","","","","16712190","Rank 1","","","","","","","","","","","","","","","","16712190","Increases all damage caused against Humanoid targets by $s1% and increases critical damage caused against Humanoid targets by an additional $s2%.","","","","","","","","","","","","","","","","16712190","","","","","","","","","","","","","","","","","16711932","0","0","0","0","0","0","0","0","0","0","0","0","1","1","0","0","0","0","0","0","0","1","0","0","0","0","0","0","0","0"
"19152","0","0","0","464","0","0","0","0","0","0","0","0","0","0","0","0","0","0","0","0","0","0","0","0","0","0","0","1","0","0","0","0","0","0","101","0","0","0","0","21","0","0","0","0","0","1","0","0","0","0","0","0","0","0","0","0","0","0","0","0","0","0","0","0","0","0","0","-1","0","0","6","6","0","1","1","0","0","0","0","1","1","0","0","0","0","1","1","0","0","0","0","0","0","0","168","169","0","0","0","0","0","0","0","0","0","0","0","0","0","64","64","0","0","0","0","0","0","0","0","0","0","0","0","0","0","0","0","0","0","0","0","0","316","0","0","Humanoid Slaying","","","","","","","","","","","","","","","","16712190","Rank 2","","","","","","","","","","","","","","","","16712190","Increases all damage caused against Humanoid targets by $s1% and increases critical damage caused against Humanoid targets by an additional $s2%.","","","","","","","","","","","","","","","","16712190","","","","","","","","","","","","","","","","","16711932","0","0","0","0","0","0","0","0","0","0","0","0","1","1","0","0","0","0","0","0","0","1","0","0","0","0","0","0","0","0"
"19153","0","0","0","464","0","0","0","0","0","0","0","0","0","0","0","0","0","0","0","0","0","0","0","0","0","0","0","1","0","0","0","0","0","0","101","0","0","0","0","21","0","0","0","0","0","1","0","0","0","0","0","0","0","0","0","0","0","0","0","0","0","0","0","0","0","0","0","-1","0","0","6","6","0","1","1","0","0","0","0","2","2","0","0","0","0","1","1","0","0","0","0","0","0","0","168","169","0","0","0","0","0","0","0","0","0","0","0","0","0","64","64","0","0","0","0","0","0","0","0","0","0","0","0","0","0","0","0","0","0","0","0","0","316","0","0","Humanoid Slaying","","","","","","","","","","","","","","","","16712190","Rank 3","","","","","","","","","","","","","","","","16712190","Increases all damage caused against Humanoid targets by $s1% and increases critical damage caused against Humanoid targets by an additional $s2%.","","","","","","","","","","","","","","","","16712190","","","","","","","","","","","","","","","","","16711932","0","0","0","0","0","0","0","0","0","0","0","0","1","1","0","0","0","0","0","0","0","1","0","0","0","0","0","0","0","0"
"19228","0","0","0","464","0","0","0","0","0","0","0","0","0","0","0","0","0","0","0","0","0","0","0","0","0","0","0","1","0","0","0","0","0","87376","7","0","0","0","0","21","0","0","0","0","0","1","0","0","0","0","0","0","0","0","0","0","0","0","0","0","0","0","0","0","0","0","0","-1","0","0","6","0","0","0","0","0","0","0","0","0","0","0","0","0","0","6","0","0","0","0","0","0","0","0","42","0","0","0","0","0","0","0","0","0","0","0","0","0","0","0","0","0","0","0","0","19229","0","0","0","0","0","0","0","0","0","0","0","0","0","0","0","0","517","0","0","Improved Wing Clip","","","","","","","","","","","","","","","","16712190","Rank 1","","","","","","","","","","","","","","","","16712190","Gives your Wing Clip ability a $h% chance to immobilize the target for $19229d.","","","","","","","","","","","","","","","","16712190","","","","","","","","","","","","","","","","","16711932","0","0","0","0","9","0","0","0","0","0","0","0","1","0","0","0","0","0","0","0","0","1","0","0","0","0","0","0","0","0"
"19232","0","0","0","464","0","0","0","0","0","0","0","0","0","0","0","0","0","0","0","0","0","0","0","0","0","0","0","1","0","0","0","0","0","87376","14","0","0","0","0","21","0","0","0","0","0","1","0","0","0","0","0","0","0","0","0","0","0","0","0","0","0","0","0","0","0","0","0","-1","0","0","6","0","0","0","0","0","0","0","0","0","0","0","0","0","0","6","0","0","0","0","0","0","0","0","42","0","0","0","0","0","0","0","0","0","0","0","0","0","0","0","0","0","0","0","0","19229","0","0","0","0","0","0","0","0","0","0","0","0","0","0","0","0","517","0","0","Improved Wing Clip","","","","","","","","","","","","","","","","16712190","Rank 2","","","","","","","","","","","","","","","","16712190","Gives your Wing Clip ability a $h% chance to immobilize the target for $19229d.","","","","","","","","","","","","","","","","16712190","","","","","","","","","","","","","","","","","16711932","0","0","0","0","9","0","0","0","0","0","0","0","1","0","0","0","0","0","0","0","0","1","0","0","0","0","0","0","0","0"
"19233","0","0","0","464","0","0","0","0","0","0","0","0","0","0","0","0","0","0","0","0","0","0","0","0","0","0","0","1","0","0","0","0","0","87376","20","0","0","0","0","21","0","0","0","0","0","1","0","0","0","0","0","0","0","0","0","0","0","0","0","0","0","0","0","0","0","0","0","-1","0","0","6","0","0","0","0","0","0","0","0","0","0","0","0","0","0","6","0","0","0","0","0","0","0","0","42","0","0","0","0","0","0","0","0","0","0","0","0","0","0","0","0","0","0","0","0","19229","0","0","0","0","0","0","0","0","0","0","0","0","0","0","0","0","517","0","0","Improved Wing Clip","","","","","","","","","","","","","","","","16712190","Rank 3","","","","","","","","","","","","","","","","16712190","Gives your Wing Clip ability a $h% chance to immobilize the target for $19229d.","","","","","","","","","","","","","","","","16712190","","","","","","","","","","","","","","","","","16711932","0","0","0","0","9","0","0","0","0","0","0","0","1","0","0","0","0","0","0","0","0","1","0","0","0","0","0","0","0","0"
"19239","0","0","0","464","0","0","0","0","0","0","0","0","0","0","0","0","0","0","0","0","0","0","0","0","0","0","0","1","0","0","0","0","0","0","101","0","0","0","0","21","0","0","0","0","0","1","0","0","0","0","0","0","0","0","0","0","0","0","0","0","0","0","0","0","0","0","0","-1","0","0","6","6","0","1","1","0","0","0","0","14","14","0","0","0","0","1","1","0","0","0","0","0","0","0","108","108","0","0","0","0","0","0","0","0","0","0","0","0","0","1","8","0","0","0","0","0","0","0","0","0","0","0","0","0","0","0","0","0","0","0","0","0","58","0","0","Clever Traps","","","","","","","","","","","","","","","","16712190","Rank 1","","","","","","","","","","","","","","","","16712190","Increases the duration of Freezing and Frost Trap effects by $s1%, the damage of Immolation and Explosive Trap effects by $s2%, and the number of snakes summoned from Snake Traps by $s2%.","","","","","","","","","","","","","","","","16712190","","","","","","","","","","","","","","","","","16711932","0","0","0","0","9","0","0","0","0","0","0","0","1","1","1","0","0","0","0","0","0","1","0","0","0","0","0","0","0","0"
"19245","0","0","0","464","0","0","0","0","0","0","0","0","0","0","0","0","0","0","0","0","0","0","0","0","0","0","0","1","0","0","0","0","0","0","101","0","0","0","0","21","0","0","0","0","0","1","0","0","0","0","0","0","0","0","0","0","0","0","0","0","0","0","0","0","0","0","0","-1","0","0","6","6","0","1","1","0","0","0","0","29","29","0","0","0","0","1","1","0","0","0","0","0","0","0","108","108","0","0","0","0","0","0","0","0","0","0","0","0","0","1","8","0","0","0","0","0","0","0","0","0","0","0","0","0","0","0","0","0","0","0","0","0","58","0","0","Clever Traps","","","","","","","","","","","","","","","","16712190","Rank 2","","","","","","","","","","","","","","","","16712190","Increases the duration of Freezing and Frost Trap effects by $s1%, the damage of Immolation and Explosive Trap effects by $s2%, and the number of snakes summoned from Snake Traps by $s2%.","","","","","","","","","","","","","","","","16712190","","","","","","","","","","","","","","","","","16711932","0","0","0","0","9","0","0","0","0","0","0","0","1","1","1","0","0","0","0","0","0","1","0","0","0","0","0","0","0","0"
"20091","0","0","0","464","0","0","0","0","0","0","0","0","0","0","0","0","0","0","0","0","0","0","0","0","0","0","0","1","0","0","0","0","0","0","101","0","0","0","0","21","0","0","0","0","0","1","0","0","0","0","0","0","0","0","0","0","0","0","0","0","0","0","0","0","0","0","0","-1","0","0","6","0","0","1","0","0","0","0","0","24","0","0","0","0","0","1","0","0","0","0","0","0","0","0","108","0","0","0","0","0","0","0","0","0","0","0","0","0","0","8","0","0","0","0","0","0","0","0","0","0","0","8","0","0","0","0","0","0","0","0","0","0","555","0","0","Improved Retribution Aura","","","","","","","","","","","","","","","","16712190","Rank 1","","","","","","","","","","","","","","","","16712190","Increases the damage done by your Retribution Aura by $s1%.","","","","","","","","","","","","","","","","16712190","","","","","","","","","","","","","","","","","16711932","0","0","0","0","10","0","0","0","0","0","0","0","1","0","0","0","0","0","0","0","0","1","0","0","0","0","0","0","0","0"
"20092","0","0","0","464","0","0","0","0","0","0","0","0","0","0","0","0","0","0","0","0","0","0","0","0","0","0","0","1","0","0","0","0","0","0","101","0","0","0","0","21","0","0","0","0","0","1","0","0","0","0","0","0","0","0","0","0","0","0","0","0","0","0","0","0","0","0","0","-1","0","0","6","0","0","1","0","0","0","0","0","49","0","0","0","0","0","1","0","0","0","0","0","0","0","0","108","0","0","0","0","0","0","0","0","0","0","0","0","0","0","8","0","0","0","0","0","0","0","0","0","0","0","8","0","0","0","0","0","0","0","0","0","0","555","0","0","Improved Retribution Aura","","","","","","","","","","","","","","","","16712190","Rank 2","","","","","","","","","","","","","","","","16712190","Increases the damage done by your Retribution Aura by $s1%.","","","","","","","","","","","","","","","","16712190","","","","","","","","","","","","","","","","","16711932","0","0","0","0","10","0","0","0","0","0","0","0","1","0","0","0","0","0","0","0","0","1","0","0","0","0","0","0","0","0"
"20218","0","0","0","151322624","0","16","65536","2097152","0","0","0","0","0","0","0","0","0","0","0","0","0","0","0","0","0","0","0","1","0","0","0","0","0","0","101","0","0","30","30","21","0","0","0","0","0","1","0","0","0","0","0","0","0","0","0","0","0","0","0","0","0","0","0","0","0","0","0","-1","0","0","35","35","0","1","1","0","0","0","0","9","-1","0","0","0","0","1","1","0","0","0","0","10","10","0","79","79","0","0","0","0","0","0","0","0","0","0","0","0","0","2","127","0","0","0","0","0","0","0","0","0","0","0","0","0","0","0","0","0","0","0","321","0","502","122","0","Sanctity Aura","","","","","","","","","","","","","","","","16712190","","","","","","","","","","","","","","","","","16711932","Increases Holy damage done by party members within $a1 yards by $s1%.  Players may only have one Aura on them per Paladin at any one time.","","","","","","","","","","","","","","","","16712190","Increases Holy damage done by $s1%.","","","","","","","","","","","","","","","","16712190","0","133","1500","0","10","67108864","32","0","0","1","1","6","1","1","1","0","0","0","0","0","0","2","0","0","0","0","0","0","0","0"
"31876","0","0","0","464","0","0","0","0","0","0","0","0","0","0","0","0","0","0","0","0","0","0","0","0","0","0","0","1","0","0","0","0","0","0","101","0","0","0","0","0","0","0","0","0","0","1","0","0","0","0","0","0","0","0","0","0","0","0","0","0","0","0","0","0","0","0","0","-1","0","0","6","0","0","1","0","0","0","0","0","32","0","0","0","0","0","1","0","0","0","0","0","0","0","0","4","0","0","0","0","0","0","0","0","0","0","0","0","0","0","0","0","0","0","0","0","0","0","0","0","0","0","0","0","0","0","0","0","0","0","0","0","0","205","0","0","Sanctified Judgement","","","","","","","","","","","","","","","","16712190","Rank 1","","","","","","","","","","","","","","","","16712190","Gives your Judgement spell a $s1% chance to return 80% of the mana cost of the judged seal.","","","","","","","","","","","","","","","","16712190","","","","","","","","","","","","","","","","","16711916","0","0","0","0","10","0","0","0","0","0","0","0","1","1","1","0","0","0","0","0","0","1","0","0","0","0","0","0","0","0"
"31877","0","0","0","464","0","0","0","0","0","0","0","0","0","0","0","0","0","0","0","0","0","0","0","0","0","0","0","1","0","0","0","0","0","0","101","0","0","0","0","0","0","0","0","0","0","1","0","0","0","0","0","0","0","0","0","0","0","0","0","0","0","0","0","0","0","0","0","-1","0","0","6","0","0","1","0","0","0","0","0","65","0","0","0","0","0","1","0","0","0","0","0","0","0","0","4","0","0","0","0","0","0","0","0","0","0","0","0","0","0","0","0","0","0","0","0","0","0","0","0","0","0","0","0","0","0","0","0","0","0","0","0","0","205","0","0","Sanctified Judgement","","","","","","","","","","","","","","","","16712190","Rank 2","","","","","","","","","","","","","","","","16712190","Gives your Judgement spell a $s1% chance to return 80% of the mana cost of the judged seal.","","","","","","","","","","","","","","","","16712190","","","","","","","","","","","","","","","","","16711916","0","0","0","0","10","0","0","0","0","0","0","0","1","1","1","0","0","0","0","0","0","1","0","0","0","0","0","0","0","0"
"31878","0","0","0","464","0","0","0","0","0","0","0","0","0","0","0","0","0","0","0","0","0","0","0","0","0","0","0","1","0","0","0","0","0","0","101","0","0","0","0","0","0","0","0","0","0","1","0","0","0","0","0","0","0","0","0","0","0","0","0","0","0","0","0","0","0","0","0","-1","0","0","6","0","0","1","0","0","0","0","0","99","0","0","0","0","0","1","0","0","0","0","0","0","0","0","4","0","0","0","0","0","0","0","0","0","0","0","0","0","0","0","0","0","0","0","0","0","0","0","0","0","0","0","0","0","0","0","0","0","0","0","0","0","205","0","0","Sanctified Judgement","","","","","","","","","","","","","","","","16712190","Rank 3","","","","","","","","","","","","","","","","16712190","Gives your Judgement spell a $s1% chance to return 80% of the mana cost of the judged seal.","","","","","","","","","","","","","","","","16712190","","","","","","","","","","","","","","","","","16711916","0","0","0","0","10","0","0","0","0","0","0","0","1","1","1","0","0","0","0","0","0","1","0","0","0","0","0","0","0","0"
"20189","0","0","0","464","0","0","0","0","0","0","0","0","0","0","0","0","0","0","0","0","0","0","0","0","0","0","0","1","0","0","0","0","0","0","101","0","0","0","0","0","0","0","0","0","0","1","0","0","0","0","0","0","0","0","0","0","0","0","0","0","0","0","0","0","0","0","0","2","499","0","6","6","0","1","1","0","0","0","0","0","0","0","0","0","0","1","1","0","0","0","0","0","0","0","54","55","0","0","0","0","0","0","0","0","0","0","0","0","0","0","0","0","0","0","0","0","0","0","0","0","0","0","0","0","0","0","0","0","0","0","0","0","856","0","0","Precision","","","","","","","","","","","","","","","","16712190","Rank 1","","","","","","","","","","","","","","","","16712190","Increases your chance to hit with melee weapons and spells by $s1%.","","","","","","","","","","","","","","","","16712190","","","","","","","","","","","","","","","","","16711932","0","0","0","0","0","0","0","0","0","0","0","0","1","1","1","0","0","0","0","0","0","1","0","0","0","0","0","0","0","0"
"20192","0","0","0","464","0","0","0","0","0","0","0","0","0","0","0","0","0","0","0","0","0","0","0","0","0","0","0","1","0","0","0","0","0","0","101","0","0","0","0","0","0","0","0","0","0","1","0","0","0","0","0","0","0","0","0","0","0","0","0","0","0","0","0","0","0","0","0","2","499","0","6","6","0","1","1","0","0","0","0","1","1","0","0","0","0","1","1","0","0","0","0","0","0","0","54","55","0","0","0","0","0","0","0","0","0","0","0","0","0","0","0","0","0","0","0","0","0","0","0","0","0","0","0","0","0","0","0","0","0","0","0","0","856","0","0","Precision","","","","","","","","","","","","","","","","16712190","Rank 2","","","","","","","","","","","","","","","","16712190","Increases your chance to hit with melee weapons and spells by $s1%.","","","","","","","","","","","","","","","","16712190","","","","","","","","","","","","","","","","","16711932","0","0","0","0","0","0","0","0","0","0","0","0","1","1","1","0","0","0","0","0","0","1","0","0","0","0","0","0","0","0"
"20193","0","0","0","464","0","0","0","0","0","0","0","0","0","0","0","0","0","0","0","0","0","0","0","0","0","0","0","1","0","0","0","0","0","0","101","0","0","0","0","0","0","0","0","0","0","1","0","0","0","0","0","0","0","0","0","0","0","0","0","0","0","0","0","0","0","0","0","2","499","0","6","6","0","1","1","0","0","0","0","2","2","0","0","0","0","1","1","0","0","0","0","0","0","0","54","55","0","0","0","0","0","0","0","0","0","0","0","0","0","0","0","0","0","0","0","0","0","0","0","0","0","0","0","0","0","0","0","0","0","0","0","0","856","0","0","Precision","","","","","","","","","","","","","","","","16712190","Rank 3","","","","","","","","","","","","","","","","16712190","Increases your chance to hit with melee weapons and spells by $s1%.","","","","","","","","","","","","","","","","16712190","","","","","","","","","","","","","","","","","16711932","0","0","0","0","0","0","0","0","0","0","0","0","1","1","1","0","0","0","0","0","0","1","0","0","0","0","0","0","0","0"
"20148","0","0","0","464","0","0","0","0","0","0","0","0","0","0","0","0","0","0","0","0","0","0","0","0","0","0","0","1","0","0","0","0","0","0","101","0","0","0","1","21","0","0","0","0","0","1","0","0","0","0","0","0","0","0","0","0","0","0","0","0","0","0","0","0","0","0","0","-1","0","0","6","0","0","1","0","0","0","0","0","9","0","0","0","0","0","1","0","0","0","0","0","0","0","0","150","0","0","0","0","0","0","0","0","0","0","0","0","0","0","0","0","0","0","0","0","0","0","0","0","0","0","0","0","0","0","0","0","0","0","0","0","0","1463","0","50","Shield Specialization","","","","","","","","","","","","","","","","16712190","Rank 1","","","","","","","","","","","","","","","","16712190","Increases the amount of damage absorbed by your shield by $s1%.","","","","","","","","","","","","","","","","16712190","","","","","","","","","","","","","","","","","16711932","0","0","0","0","0","0","0","0","0","0","0","0","1","1","1","0","0","0","0","0","0","1","0","0","0","0","0","0","0","0"
"20149","0","0","0","464","0","0","0","0","0","0","0","0","0","0","0","0","0","0","0","0","0","0","0","0","0","0","0","1","0","0","0","0","0","0","101","0","0","0","1","21","0","0","0","0","0","1","0","0","0","0","0","0","0","0","0","0","0","0","0","0","0","0","0","0","0","0","0","-1","0","0","6","0","0","1","0","0","0","0","0","19","0","0","0","0","0","1","0","0","0","0","0","0","0","0","150","0","0","0","0","0","0","0","0","0","0","0","0","0","0","0","0","0","0","0","0","0","0","0","0","0","0","0","0","0","0","0","0","0","0","0","0","0","1463","0","50","Shield Specialization","","","","","","","","","","","","","","","","16712190","Rank 2","","","","","","","","","","","","","","","","16712190","Increases the amount of damage absorbed by your shield by $s1%.","","","","","","","","","","","","","","","","16712190","","","","","","","","","","","","","","","","","16711932","0","0","0","0","0","0","0","0","0","0","0","0","1","1","1","0","0","0","0","0","0","1","0","0","0","0","0","0","0","0"
"20150","0","0","0","464","0","0","0","0","0","0","0","0","0","0","0","0","0","0","0","0","0","0","0","0","0","0","0","1","0","0","0","0","0","0","101","0","0","0","1","21","0","0","0","0","0","1","0","0","0","0","0","0","0","0","0","0","0","0","0","0","0","0","0","0","0","0","0","-1","0","0","6","0","0","1","0","0","0","0","0","29","0","0","0","0","0","1","0","0","0","0","0","0","0","0","150","0","0","0","0","0","0","0","0","0","0","0","0","0","0","0","0","0","0","0","0","0","0","0","0","0","0","0","0","0","0","0","0","0","0","0","0","0","1463","0","50","Shield Specialization","","","","","","","","","","","","","","","","16712190","Rank 3","","","","","","","","","","","","","","","","16712190","Increases the amount of damage absorbed by your shield by $s1%.","","","","","","","","","","","","","","","","16712190","","","","","","","","","","","","","","","","","16711932","0","0","0","0","0","0","0","0","0","0","0","0","1","1","1","0","0","0","0","0","0","1","0","0","0","0","0","0","0","0"
"31846","0","0","0","464","0","0","0","0","0","0","0","0","0","0","0","0","0","0","0","0","0","0","0","0","0","0","0","1","0","0","0","0","0","0","101","0","0","0","0","21","0","0","0","0","0","1","0","0","0","0","0","0","0","0","0","0","0","0","0","0","0","0","0","0","0","0","0","-1","0","0","6","0","0","1","0","0","0","0","0","-3","0","0","0","0","0","1","0","0","0","0","0","0","0","0","87","0","0","0","0","0","0","0","0","0","0","0","0","0","0","126","0","0","0","0","0","0","0","0","0","0","0","0","0","0","0","0","0","0","0","0","0","0","2140","0","0","Spell Warding","","","","","","","","","","","","","","","","16712190","Rank 1","","","","","","","","","","","","","","","","16712190","All spell damage taken is reduced by $s1%.","","","","","","","","","","","","","","","","16712190","","","","","","","","","","","","","","","","","16711916","0","0","0","0","10","0","0","0","0","0","0","0","1","1","0","0","0","0","0","0","0","1","0","0","0","0","0","0","0","0"
"31847","0","0","0","464","0","0","0","0","0","0","0","0","0","0","0","0","0","0","0","0","0","0","0","0","0","0","0","1","0","0","0","0","0","0","101","0","0","0","0","21","0","0","0","0","0","1","0","0","0","0","0","0","0","0","0","0","0","0","0","0","0","0","0","0","0","0","0","-1","0","0","6","0","0","1","0","0","0","0","0","-5","0","0","0","0","0","1","0","0","0","0","0","0","0","0","87","0","0","0","0","0","0","0","0","0","0","0","0","0","0","126","0","0","0","0","0","0","0","0","0","0","0","0","0","0","0","0","0","0","0","0","0","0","2140","0","0","Spell Warding","","","","","","","","","","","","","","","","16712190","Rank 2","","","","","","","","","","","","","","","","16712190","All spell damage taken is reduced by $s1%.","","","","","","","","","","","","","","","","16712190","","","","","","","","","","","","","","","","","16711916","0","0","0","0","10","0","0","0","0","0","0","0","1","1","0","0","0","0","0","0","0","1","0","0","0","0","0","0","0","0"
"41021","0","0","0","464","0","0","0","0","0","0","0","0","0","0","0","0","0","0","0","0","0","0","0","0","0","0","0","1","0","0","0","0","0","0","101","0","0","0","0","21","0","0","0","0","0","1","0","0","0","0","0","0","0","0","0","0","0","0","0","0","0","0","0","0","0","0","0","-1","0","0","6","6","0","1","1","0","0","0","0","9","1","0","0","0","0","1","1","0","0","0","0","0","0","0","108","107","0","0","0","0","0","0","0","0","0","0","0","0","0","0","4","0","0","0","0","0","0","0","0","0","0","0","0","0","0","0","0","0","0","0","0","0","453","0","0","Improved Holy Shield","","","","","","","","","","","","","","","","16712190","Rank 1","","","","","","","","","","","","","","","","16712190","Increases damage caused by your Holy Shield by $s1% and increases the number of charges of your Holy Shield by $s2.","","","","","","","","","","","","","","","","16712190","","","","","","","","","","","","","","","","","16711916","0","0","0","0","10","0","0","0","0","0","0","0","1","1","0","0","0","0","0","0","0","1","0","0","0","0","0","0","0","0"
"41026","0","0","0","464","0","0","0","0","0","0","0","0","0","0","0","0","0","0","0","0","0","0","0","0","0","0","0","1","0","0","0","0","0","0","101","0","0","0","0","21","0","0","0","0","0","1","0","0","0","0","0","0","0","0","0","0","0","0","0","0","0","0","0","0","0","0","0","-1","0","0","6","6","0","1","1","0","0","0","0","19","3","0","0","0","0","1","1","0","0","0","0","0","0","0","108","107","0","0","0","0","0","0","0","0","0","0","0","0","0","0","4","0","0","0","0","0","0","0","0","0","0","0","0","0","0","0","0","0","0","0","0","0","453","0","0","Improved Holy Shield","","","","","","","","","","","","","","","","16712190","Rank 2","","","","","","","","","","","","","","","","16712190","Increases damage caused by your Holy Shield by $s1% and increases the number of charges of your Holy Shield by $s2.","","","","","","","","","","","","","","","","16712190","","","","","","","","","","","","","","","","","16711916","0","0","0","0","10","0","0","0","0","0","0","0","1","1","0","0","0","0","0","0","0","1","0","0","0","0","0","0","0","0"
"16041","0","0","0","464","0","0","0","0","0","0","0","0","0","0","0","0","0","0","0","0","0","0","0","0","0","0","0","1","0","0","0","0","0","0","101","0","0","0","0","21","0","0","0","0","0","1","0","0","0","0","0","0","0","0","0","0","0","0","0","0","0","0","0","0","0","0","0","-1","0","0","6","0","0","1","0","0","0","0","0","0","0","0","0","0","0","1","0","0","0","0","0","0","0","0","107","0","0","0","0","0","0","0","0","0","0","0","0","0","0","7","0","0","0","0","0","0","0","0","0","0","0","0","0","0","0","0","0","0","0","0","0","0","141","0","0","Call of Thunder","","","","","","","","","","","","","","","","16712190","Rank 1","","","","","","","","","","","","","","","","16712190","Increases the critical strike chance of your Lightning Bolt and Chain Lightning spells by an additional $s1%.","","","","","","","","","","","","","","","","16712190","","","","","","","","","","","","","","","","","16711932","0","0","0","0","11","0","0","0","0","0","0","0","1","0","0","0","0","0","0","0","0","1","0","0","0","0","0","0","0","0"
"16117","0","0","0","464","0","0","0","0","0","0","0","0","0","0","0","0","0","0","0","0","0","0","0","0","0","0","0","1","0","0","0","0","0","0","101","0","0","0","0","21","0","0","0","0","0","1","0","0","0","0","0","0","0","0","0","0","0","0","0","0","0","0","0","0","0","0","0","-1","0","0","6","0","0","1","0","0","0","0","0","1","0","0","0","0","0","1","0","0","0","0","0","0","0","0","107","0","0","0","0","0","0","0","0","0","0","0","0","0","0","7","0","0","0","0","0","0","0","0","0","0","0","0","0","0","0","0","0","0","0","0","0","0","141","0","0","Call of Thunder","","","","","","","","","","","","","","","","16712190","Rank 2","","","","","","","","","","","","","","","","16712190","Increases the critical strike chance of your Lightning Bolt and Chain Lightning spells by an additional $s1%.","","","","","","","","","","","","","","","","16712190","","","","","","","","","","","","","","","","","16711932","0","0","0","0","11","0","0","0","0","0","0","0","1","0","0","0","0","0","0","0","0","1","0","0","0","0","0","0","0","0"
"16118","0","0","0","464","0","0","0","0","0","0","0","0","0","0","0","0","0","0","0","0","0","0","0","0","0","0","0","1","0","0","0","0","0","0","101","0","0","0","0","21","0","0","0","0","0","1","0","0","0","0","0","0","0","0","0","0","0","0","0","0","0","0","0","0","0","0","0","-1","0","0","6","0","0","1","0","0","0","0","0","2","0","0","0","0","0","1","0","0","0","0","0","0","0","0","107","0","0","0","0","0","0","0","0","0","0","0","0","0","0","7","0","0","0","0","0","0","0","0","0","0","0","0","0","0","0","0","0","0","0","0","0","0","141","0","0","Call of Thunder","","","","","","","","","","","","","","","","16712190","Rank 3","","","","","","","","","","","","","","","","16712190","Increases the critical strike chance of your Lightning Bolt and Chain Lightning spells by an additional $s1%.","","","","","","","","","","","","","","","","16712190","","","","","","","","","","","","","","","","","16711932","0","0","0","0","11","0","0","0","0","0","0","0","1","0","0","0","0","0","0","0","0","1","0","0","0","0","0","0","0","0"
"16119","0","0","0","464","0","0","0","0","0","0","0","0","0","0","0","0","0","0","0","0","0","0","0","0","0","0","0","1","0","0","0","0","0","0","101","0","0","0","0","21","0","0","0","0","0","1","0","0","0","0","0","0","0","0","0","0","0","0","0","0","0","0","0","0","0","0","0","-1","0","0","6","0","0","1","0","0","0","0","0","3","0","0","0","0","0","1","0","0","0","0","0","0","0","0","107","0","0","0","0","0","0","0","0","0","0","0","0","0","0","7","0","0","0","0","0","0","0","0","0","0","0","0","0","0","0","0","0","0","0","0","0","0","141","0","0","Call of Thunder","","","","","","","","","","","","","","","","16712190","Rank 4","","","","","","","","","","","","","","","","16712190","Increases the critical strike chance of your Lightning Bolt and Chain Lightning spells by an additional $s1%.","","","","","","","","","","","","","","","","16712190","","","","","","","","","","","","","","","","","16711932","0","0","0","0","11","0","0","0","0","0","0","0","1","0","0","0","0","0","0","0","0","1","0","0","0","0","0","0","0","0"
"16120","0","0","0","464","0","0","0","0","0","0","0","0","0","0","0","0","0","0","0","0","0","0","0","0","0","0","0","1","0","0","0","0","0","0","101","0","0","0","0","0","0","0","0","0","0","1","0","0","0","0","0","0","0","0","0","0","0","0","0","0","0","0","0","0","0","0","0","-1","0","0","6","0","0","1","0","0","0","0","0","4","0","0","0","0","0","1","0","0","0","0","0","0","0","0","107","0","0","0","0","0","0","0","0","0","0","0","0","0","0","7","0","0","0","0","0","0","0","0","0","0","0","0","0","0","0","0","0","0","0","0","0","0","141","0","0","Call of Thunder","","","","","","","","","","","","","","","","16712190","Rank 5","","","","","","","","","","","","","","","","16712190","Increases the critical strike chance of your Lightning Bolt and Chain Lightning spells by an additional $s1%.","","","","","","","","","","","","","","","","16712190","","","","","","","","","","","","","","","","","16711932","0","0","0","0","11","0","0","0","0","0","0","0","1","1","1","0","0","0","0","0","0","1","0","0","0","0","0","0","0","0"
"16578","0","0","0","464","0","0","0","0","0","0","0","0","0","0","0","0","0","0","0","0","0","0","0","0","0","0","0","1","0","0","0","0","0","0","101","0","0","0","0","21","0","0","0","0","0","1","0","0","0","0","0","0","0","0","0","0","0","0","0","0","0","0","0","0","0","0","0","-1","0","0","6","0","0","1","0","0","0","0","0","-101","0","0","0","0","0","1","0","0","0","0","0","0","0","0","107","0","0","0","0","0","0","0","0","0","0","0","0","0","0","10","0","0","0","0","0","0","0","0","0","0","0","0","0","0","0","0","0","0","0","0","0","0","320","0","0","Lightning Mastery","","","","","","","","","","","","","","","","16712190","Rank 1","","","","","","","","","","","","","","","","16712190","Reduces the cast time of your Lightning Bolt and Chain Lightning spells by $/1000;S1 sec.","","","","","","","","","","","","","","","","16712190","","","","","","","","","","","","","","","","","16711932","0","0","0","0","11","0","0","0","0","0","0","0","1","1","1","0","0","0","0","0","0","1","0","0","0","0","0","0","0","0"
"16579","0","0","0","464","0","0","0","0","0","0","0","0","0","0","0","0","0","0","0","0","0","0","0","0","0","0","0","1","0","0","0","0","0","0","101","0","0","0","0","21","0","0","0","0","0","1","0","0","0","0","0","0","0","0","0","0","0","0","0","0","0","0","0","0","0","0","0","-1","0","0","6","0","0","1","0","0","0","0","0","-201","0","0","0","0","0","1","0","0","0","0","0","0","0","0","107","0","0","0","0","0","0","0","0","0","0","0","0","0","0","10","0","0","0","0","0","0","0","0","0","0","0","0","0","0","0","0","0","0","0","0","0","0","320","0","0","Lightning Mastery","","","","","","","","","","","","","","","","16712190","Rank 2","","","","","","","","","","","","","","","","16712190","Reduces the cast time of your Lightning Bolt and Chain Lightning spells by $/1000;S1 sec.","","","","","","","","","","","","","","","","16712190","","","","","","","","","","","","","","","","","16711932","0","0","0","0","11","0","0","0","0","0","0","0","1","1","1","0","0","0","0","0","0","1","0","0","0","0","0","0","0","0"
"16580","0","0","0","464","0","0","0","0","0","0","0","0","0","0","0","0","0","0","0","0","0","0","0","0","0","0","0","1","0","0","0","0","0","0","101","0","0","0","0","21","0","0","0","0","0","1","0","0","0","0","0","0","0","0","0","0","0","0","0","0","0","0","0","0","0","0","0","-1","0","0","6","0","0","1","0","0","0","0","0","-301","0","0","0","0","0","1","0","0","0","0","0","0","0","0","107","0","0","0","0","0","0","0","0","0","0","0","0","0","0","10","0","0","0","0","0","0","0","0","0","0","0","0","0","0","0","0","0","0","0","0","0","0","320","0","0","Lightning Mastery","","","","","","","","","","","","","","","","16712190","Rank 3","","","","","","","","","","","","","","","","16712190","Reduces the cast time of your Lightning Bolt and Chain Lightning spells by $/1000;S1 sec.","","","","","","","","","","","","","","","","16712190","","","","","","","","","","","","","","","","","16711932","0","0","0","0","11","0","0","0","0","0","0","0","1","1","1","0","0","0","0","0","0","1","0","0","0","0","0","0","0","0"
"16581","0","0","0","464","0","0","0","0","0","0","0","0","0","0","0","0","0","0","0","0","0","0","0","0","0","0","0","1","0","0","0","0","0","0","101","0","0","0","0","21","0","0","0","0","0","1","0","0","0","0","0","0","0","0","0","0","0","0","0","0","0","0","0","0","0","0","0","-1","0","0","6","0","0","1","0","0","0","0","0","-401","0","0","0","0","0","1","0","0","0","0","0","0","0","0","107","0","0","0","0","0","0","0","0","0","0","0","0","0","0","10","0","0","0","0","0","0","0","0","0","0","0","0","0","0","0","0","0","0","0","0","0","0","320","0","0","Lightning Mastery","","","","","","","","","","","","","","","","16712190","Rank 4","","","","","","","","","","","","","","","","16712190","Reduces the cast time of your Lightning Bolt and Chain Lightning spells by $/1000;S1 sec.","","","","","","","","","","","","","","","","16712190","","","","","","","","","","","","","","","","","16711932","0","0","0","0","11","0","0","0","0","0","0","0","1","1","1","0","0","0","0","0","0","1","0","0","0","0","0","0","0","0"
"16582","0","0","0","464","0","0","0","0","0","0","0","0","0","0","0","0","0","0","0","0","0","0","0","0","0","0","0","1","0","0","0","0","0","0","101","0","0","0","0","21","0","0","0","0","0","1","0","0","0","0","0","0","0","0","0","0","0","0","0","0","0","0","0","0","0","0","0","-1","0","0","6","0","0","1","0","0","0","0","0","-501","0","0","0","0","0","1","0","0","0","0","0","0","0","0","107","0","0","0","0","0","0","0","0","0","0","0","0","0","0","10","0","0","0","0","0","0","0","0","0","0","0","0","0","0","0","0","0","0","0","0","0","0","320","0","0","Lightning Mastery","","","","","","","","","","","","","","","","16712190","Rank 5","","","","","","","","","","","","","","","","16712190","Reduces the cast time of your Lightning Bolt and Chain Lightning spells by $/1000;S1 sec.","","","","","","","","","","","","","","","","16712190","","","","","","","","","","","","","","","","","16711932","0","0","0","0","11","0","0","0","0","0","0","0","1","1","1","0","0","0","0","0","0","1","0","0","0","0","0","0","0","0"
